,,Report Time (dynamic),2026-08,2026-08,2026-08,2026-08,2026-08,2026-08,2026-08,2026-08,2026-08,2026-08,2026-08,2026-08,2026-08,2026-08,2026-08,2026-08,2026-08,2026-08,2026-08,2026-08,2026-08,2026-08,2026-08,2026-08,2026-08,2026-08,2026-08,2026-08,2026-08,2026-07,2026-07,2026-07,2026-07,2026-07,2026-07,2026-07,2026-07,2026-07,2026-07,2026-07,2026-07,2026-07,2026-07,2026-07,2026-07,2026-07,2026-07,2026-07,2026-07,2026-07,2026-07,2026-07,2026-07,2026-07,2026-07,2026-07,2026-07,2026-07,2026-06,2026-06,2026-06,2026-06,2026-06,2026-06,2026-06,2026-06,2026-06,2026-06,2026-06,2026-06,2026-06,2026-06,2026-06,2026-06,2026-06,2026-06,2026-06,2026-06,2026-06,2026-06,2026-06,2026-06,2026-06,2026-06,2026-06,2026-06,2026-06
Country Name,Store Shopping Mission,Brand Name,Selection,Active Merchants,"Δ %, Active Merchants PP",Merchant Availability Rate,"Δ ppt, Merchant Availability Rate PP",SKU Availability,"Δ ppt, SKU Availability PP",Value,"Eater Frees, AOV %","Δ %, Eater Fees, AOV % PP","Item-Level Promo, GMV %","Δ %, Item-Level Promo Share PP","Campaigns Discount, GMV %","Δ %, Campaigns Promo Share PP",Orders with Delivery Fee Campaign,"Δ ppt, Orders with Delivery Fee Campaign PP",Service,"Not-delivered orders, %","Δ ppt, Not-Delivered Orders PP","Total Delivery Time, min","Δ %, Total Delivery Time PP",Late Delivery (10+min) Rate,"Δ ppt, Late Delivery (10+min) Rate PP",Order Defect Rate,"Δ ppt, Order Defect Rate PP",Order Replacement Rate,"Δ ppt, Order Replacement Rate PP",CS Ticket Order Rate,"Δ ppt, CS Ticket Rate PP",Selection,Active Merchants,"Δ %, Active Merchants PP",Merchant Availability Rate,"Δ ppt, Merchant Availability Rate PP",SKU Availability,"Δ ppt, SKU Availability PP",Value,"Eater Frees, AOV %","Δ %, Eater Fees, AOV % PP","Item-Level Promo, GMV %","Δ %, Item-Level Promo Share PP","Campaigns Discount, GMV %","Δ %, Campaigns Promo Share PP",Orders with Delivery Fee Campaign,"Δ ppt, Orders with Delivery Fee Campaign PP",Service,"Not-delivered orders, %","Δ ppt, Not-Delivered Orders PP","Total Delivery Time, min","Δ %, Total Delivery Time PP",Late Delivery (10+min) Rate,"Δ ppt, Late Delivery (10+min) Rate PP",Order Defect Rate,"Δ ppt, Order Defect Rate PP",Order Replacement Rate,"Δ ppt, Order Replacement Rate PP",CS Ticket Order Rate,"Δ ppt, CS Ticket Rate PP",Selection,Active Merchants,"Δ %, Active Merchants PP",Merchant Availability Rate,"Δ ppt, Merchant Availability Rate PP",SKU Availability,"Δ ppt, SKU Availability PP",Value,"Eater Frees, AOV %","Δ %, Eater Fees, AOV % PP","Item-Level Promo, GMV %","Δ %, Item-Level Promo Share PP","Campaigns Discount, GMV %","Δ %, Campaigns Promo Share PP",Orders with Delivery Fee Campaign,"Δ ppt, Orders with Delivery Fee Campaign PP",Service,"Not-delivered orders, %","Δ ppt, Not-Delivered Orders PP","Total Delivery Time, min","Δ %, Total Delivery Time PP",Late Delivery (10+min) Rate,"Δ ppt, Late Delivery (10+min) Rate PP",Order Defect Rate,"Δ ppt, Order Defect Rate PP",Order Replacement Rate,"Δ ppt, Order Replacement Rate PP",CS Ticket Order Rate,"Δ ppt, CS Ticket Rate PP"
Ukraine,Grocery Stores,VARUS,233133.225280762,60,2%,95%,-4.5,97%,-1.,233133.225280762,13%,0.1,35%,-1.2,13%,0.9,62%,12.6,233133.225280762,10%,5.5,44,18%,10%,1.4,53%,2.2,45%,-1.7,7%,1.4,156188.592712402,59,2%,99%,0.4,98%,0.5,156188.592712402,13%,-0.9,36%,7.5,12%,5.1,49%,49.3,156188.592712402,5%,-1.3,38,6%,8%,-0.7,51%,8.3,47%,20.4,6%,-0.1,101330.020553589,58,,99%,,97%,,101330.020553589,14%,,28%,,7%,,0%,,101330.020553589,6%,,35,,9%,,43%,,27%,,6%,
Ukraine,Grocery Stores,LOKO,79603.714096069,124,0%,85%,1.4,49%,-5.7,79603.714096069,5%,0.3,11%,9.8,5%,4.4,0%,0.,79603.714096069,3%,1.5,210,587%,,,6%,-0.6,0%,0.,8%,0.7,73911.739383698,124,0%,84%,1.6,55%,-5.4,73911.739383698,5%,-0.3,1%,-5.,0%,-2.4,0%,0.,73911.739383698,1%,-1.3,31,-48%,,,7%,3.3,0%,0.,7%,-0.6,67295.614997864,124,,82%,,60%,,67295.614997864,5%,,6%,,3%,,0%,,67295.614997864,2%,,59,,,,4%,,0%,,7%,
Ukraine,Alcohol Stores,HOP HEY,40398.735331416,160,0%,96%,-0.9,75%,-3.1,40398.735331416,17%,0.7,3%,2.8,2%,0.7,17%,-8.5,40398.735331416,4%,0.9,28,2%,5%,-1.,5%,-0.2,26%,3.4,3%,-0.6,33733.88407135,160,-1%,97%,0.4,79%,-6.6,33733.88407135,17%,0.1,1%,-2.,1%,-0.1,26%,3.,33733.88407135,4%,0.7,27,1%,6%,-0.7,5%,0.2,23%,-1.6,3%,0.3,32504.48426652,161,,96%,,85%,,32504.48426652,16%,,3%,,2%,,23%,,32504.48426652,3%,,27,,7%,,5%,,25%,,3%,
Ukraine,Grocery Stores,KOPIYKA,25081.503444672,60,0%,88%,-2.,86%,-2.5,25081.503444672,14%,-0.9,25%,5.,12%,4.1,75%,39.6,25081.503444672,4%,-0.4,55,58%,9%,0.9,32%,-3.2,27%,1.9,6%,0.7,16050.173140526,60,0%,90%,-0.9,88%,-2.4,16050.173140526,15%,-0.1,20%,12.6,8%,2.8,36%,-10.3,16050.173140526,5%,-1.2,35,3%,8%,-0.1,35%,-0.3,25%,-3.8,5%,1.1,15154.338084698,60,,91%,,91%,,15154.338084698,15%,,8%,,5%,,46%,,15154.338084698,6%,,34,,8%,,35%,,29%,,4%,
Ukraine,Alcohol Stores,BEER MARKET,24064.122061729,166,-14%,78%,2.7,100%,0.,24064.122061729,19%,-0.1,11%,5.6,6%,2.5,27%,-4.7,24064.122061729,15%,1.6,27,10%,3%,-0.7,0%,0.,,,3%,0.1,24056.80796504,192,2%,75%,5.1,100%,0.,24056.80796504,19%,-0.9,5%,0.7,3%,0.7,32%,7.6,24056.80796504,13%,-6.1,24,-5%,4%,0.5,0%,0.,,,3%,0.2,23717.496936321,188,,70%,,100%,,23717.496936321,20%,,5%,,3%,,24%,,23717.496936321,19%,,26,,4%,,0%,,,,2%,
Ukraine,Convenience Stores,CAFE RYNOK,23650.699707031,12,0%,93%,-1.8,74%,-2.1,23650.699707031,11%,0.3,37%,-6.1,9%,0.2,48%,4.2,23650.699707031,2%,-0.8,30,15%,3%,1.,13%,0.3,72%,-1.,2%,-0.8,21093.092224121,12,0%,94%,2.7,76%,-2.8,21093.092224121,11%,-0.4,43%,19.8,9%,3.6,44%,8.5,21093.092224121,2%,0.3,26,-12%,2%,-1.2,13%,1.1,73%,-1.3,2%,0.6,20015.688812256,12,,92%,,79%,,20015.688812256,11%,,23%,,5%,,36%,,20015.688812256,2%,,30,,3%,,12%,,74%,,2%,
Ukraine,Alcohol Stores,BEERLAND,14834.168307304,37,0%,89%,-4.7,,,14834.168307304,19%,-0.6,10%,-2.4,5%,-0.1,28%,-12.8,14834.168307304,9%,1.3,25,-2%,4%,1.1,0%,0.,,,4%,1.3,13054.194488525,37,-3%,94%,1.9,,,13054.194488525,20%,-0.2,12%,-1.,5%,-0.2,40%,-5.,13054.194488525,8%,-2.4,26,2%,3%,-0.9,0%,0.,,,3%,0.6,12128.010662079,38,,92%,,,,12128.010662079,20%,,13%,,5%,,45%,,12128.010662079,10%,,25,,4%,,0%,,,,2%,
Ukraine,Alcohol Stores,PYVNA BORODA,13906.399018764,48,0%,95%,-0.1,,,13906.399018764,18%,0.3,5%,1.4,3%,0.4,20%,-3.3,13906.399018764,10%,-0.9,23,-4%,2%,-1.,0%,0.,,,2%,0.3,13393.843129158,48,2%,95%,-0.6,,,13393.843129158,17%,0.2,4%,-1.5,2%,-0.6,23%,-6.7,13393.843129158,11%,0.4,24,8%,3%,-0.2,0%,0.,,,2%,0.2,10913.710252762,47,,96%,,,,10913.710252762,17%,,6%,,3%,,30%,,10913.710252762,11%,,23,,3%,,0%,,,,1%,
Ukraine,Alcohol Stores,REMESLO BREWERY,13083.487635612,63,9%,86%,-3.,,,13083.487635612,16%,0.7,11%,-3.1,6%,0.6,41%,-0.2,13083.487635612,4%,-0.4,24,-11%,4%,0.6,0%,0.,,,1%,-0.1,12538.849485397,58,4%,89%,-2.2,,,12538.849485397,15%,0.5,14%,0.8,5%,0.1,41%,-4.,12538.849485397,4%,0.3,27,1%,3%,0.7,0%,0.,,,1%,-0.,13737.00376749,56,,91%,,,,13737.00376749,14%,,13%,,5%,,45%,,13737.00376749,4%,,27,,2%,,0%,,,,1%,
Ukraine,Convenience Stores,OKKO MARKET,12809.613870144,196,"2,350%",97%,-1.9,98%,-0.1,12809.613870144,15%,-1.8,15%,10.2,5%,3.8,7%,7.4,12809.613870144,11%,-9.6,73,58%,7%,-16.1,0%,0.,,,5%,-0.,687.916114807,8,100%,99%,13.8,98%,,687.916114807,17%,,5%,,1%,,0%,,687.916114807,20%,,46,,23%,,0%,,,,5%,,0,4,,85%,,,,0,,,,,,,,,0,,,,,,,,,,,,
Ukraine,Grocery Stores,RUKAVYCHKA,10259.327829361,12,50%,24%,-7.4,91%,0.7,10259.327829361,15%,-2.7,14%,12.6,6%,5.9,4%,3.1,10259.327829361,12%,0.2,101,229%,3%,1.,21%,-5.5,13%,-7.8,4%,-0.4,7747.838638306,8,-20%,32%,3.,91%,-2.2,7747.838638306,17%,3.3,2%,-6.4,1%,-2.9,0%,0.5,7747.838638306,12%,1.4,31,-31%,2%,-1.3,26%,2.3,21%,3.2,4%,0.6,11374.703620911,10,,29%,,93%,,11374.703620911,14%,,8%,,3%,,0%,,11374.703620911,10%,,45,,4%,,24%,,17%,,4%,
Ukraine,Grocery Stores,TAISTRA,8835.887190819,11,22%,72%,-13.3,80%,-5.1,8835.887190819,11%,-0.8,10%,-6.4,5%,-0.7,4%,-23.2,8835.887190819,7%,0.4,36,34%,5%,2.4,16%,-7.1,30%,4.7,2%,-1.4,8056.992462158,9,13%,86%,-2.1,85%,-3.9,8056.992462158,12%,0.1,16%,-6.4,5%,-2.5,28%,-20.9,8056.992462158,7%,2.5,27,-13%,3%,-1.6,23%,-1.2,25%,6.8,4%,0.4,8724.46081543,8,,88%,,89%,,8724.46081543,11%,,23%,,8%,,48%,,8724.46081543,5%,,31,,5%,,24%,,18%,,3%,
Ukraine,Alcohol Stores,LEPRUKON,8626.040487289,28,-3%,97%,-1.2,,,8626.040487289,17%,-0.6,34%,0.1,19%,1.6,71%,-9.7,8626.040487289,5%,0.5,46,6%,5%,-1.2,0%,0.,,,2%,-0.2,6613.108767509,29,222%,98%,6.2,,,6613.108767509,17%,1.1,34%,-3.,18%,-0.,81%,-9.6,6613.108767509,4%,1.8,43,43%,6%,0.4,0%,0.,,,2%,1.1,5009.926971436,9,,92%,,,,5009.926971436,16%,,37%,,18%,,90%,,5009.926971436,2%,,30,,5%,,0%,,,,1%,
Ukraine,Grocery Stores,SANTIM,7011.660766602,3,0%,99%,5.4,83%,-1.9,7011.660766602,13%,-0.1,16%,-1.1,10%,1.5,79%,24.4,7011.660766602,2%,-3.3,49,-24%,8%,-0.8,33%,3.3,21%,1.9,4%,-0.,5672.111999512,3,0%,93%,3.5,84%,-3.5,5672.111999512,13%,0.1,17%,3.4,8%,0.,55%,-5.6,5672.111999512,5%,0.1,65,47%,9%,1.8,30%,-3.7,19%,-8.,4%,-1.7,6334.227416992,3,,90%,,88%,,6334.227416992,13%,,14%,,8%,,61%,,6334.227416992,5%,,45,,7%,,34%,,27%,,5%,
Ukraine,Pharmacies,ANRI-PHARM,6834.404566765,64,-6%,94%,5.4,82%,-8.3,6834.404566765,20%,-2.4,1%,-0.8,6%,-2.1,78%,-12.2,6834.404566765,9%,-5.3,31,-19%,4%,-0.4,1%,-4.8,0%,0.,3%,-0.2,6186.560227394,68,11%,88%,27.3,91%,-8.8,6186.560227394,23%,-1.8,2%,1.6,8%,-2.3,91%,-3.5,6186.560227394,14%,-12.8,39,7%,5%,-1.8,6%,-2.7,0%,0.,3%,-2.3,5399.99747467,61,,61%,,100%,,5399.99747467,25%,,1%,,11%,,94%,,5399.99747467,27%,,36,,6%,,8%,,0%,,5%,
Ukraine,Alcohol Stores,WINETIME,6700.191356659,20,-5%,77%,-0.8,,,6700.191356659,11%,-0.7,22%,14.8,14%,10.2,52%,2.7,6700.191356659,15%,9.3,72,107%,6%,1.5,0%,0.,,,4%,2.2,4875.20145607,21,-13%,77%,-8.7,,,4875.20145607,12%,-0.6,7%,-2.5,4%,0.5,50%,22.,4875.20145607,6%,-1.3,35,-5%,5%,-0.9,0%,0.,,,2%,1.4,5003.288780212,24,,86%,,,,5003.288780212,12%,,10%,,3%,,28%,,5003.288780212,7%,,37,,6%,,0%,,,,1%,
Ukraine,Alcohol Stores,TOCHKA,6358.268497467,18,0%,97%,-1.6,,,6358.268497467,15%,-0.4,3%,1.1,2%,0.4,9%,-1.8,6358.268497467,0%,-1.6,24,-1%,3%,0.,0%,0.,,,1%,-0.4,6535.6263237,18,0%,99%,0.1,,,6535.6263237,16%,-0.1,2%,0.2,1%,0.3,10%,2.4,6535.6263237,2%,0.4,24,1%,3%,-0.4,0%,0.,,,2%,0.2,5848.998950958,18,,99%,,,,5848.998950958,16%,,2%,,1%,,8%,,5848.998950958,1%,,24,,4%,,0%,,,,1%,
Ukraine,Grocery Stores,KOPIYKA MINI,5471.670479774,19,0%,95%,-3.5,86%,-1.9,5471.670479774,15%,-0.3,21%,-1.2,11%,2.5,72%,36.1,5471.670479774,7%,2.4,46,28%,10%,3.6,24%,3.8,30%,6.4,3%,-1.6,5316.404443741,19,6%,98%,2.6,88%,-2.7,5316.404443741,15%,0.6,22%,-2.6,9%,-1.3,36%,-5.9,5316.404443741,5%,-1.9,36,-49%,7%,-2.2,20%,0.4,23%,-6.5,5%,-0.7,5324.523460388,18,,96%,,90%,,5324.523460388,15%,,25%,,10%,,42%,,5324.523460388,7%,,70,,9%,,20%,,30%,,5%,
Ukraine,Specialty Stores,MEALTIME,5333.285842896,15,0%,99%,0.5,,,5333.285842896,13%,0.2,11%,8.5,5%,3.9,15%,14.9,5333.285842896,5%,2.,37,-5%,2%,-1.4,0%,0.,,,3%,-1.4,6226.539512634,15,0%,99%,-0.9,,,6226.539512634,13%,1.3,3%,-8.9,1%,-4.1,0%,-4.3,6226.539512634,2%,-2.5,39,-18%,4%,-0.6,0%,0.,,,4%,1.,7125.141414642,15,,100%,,,,7125.141414642,11%,,12%,,5%,,5%,,7125.141414642,5%,,48,,4%,,0%,,,,3%,
Ukraine,Alcohol Stores,PYVNA SOVA,4915.74471283,7,0%,88%,4.,,,4915.74471283,9%,-1.3,94%,9.8,29%,7.8,90%,-2.4,4915.74471283,3%,-0.2,28,-7%,5%,2.2,0%,0.,,,1%,-1.7,2785.870754242,7,0%,84%,-2.1,,,2785.870754242,10%,0.,84%,-7.9,22%,0.9,93%,-5.4,2785.870754242,3%,-0.,30,12%,2%,-1.5,0%,0.,,,3%,0.4,2367.880096436,7,,86%,,,,2367.880096436,10%,,92%,,21%,,98%,,2367.880096436,3%,,27,,4%,,0%,,,,2%,
Ukraine,Alcohol Stores,MAXBEER,3910.867797852,13,0%,88%,-3.7,,,3910.867797852,17%,0.1,6%,2.2,3%,0.3,15%,-3.6,3910.867797852,1%,-1.8,28,4%,3%,-0.8,0%,0.,,,1%,-0.5,4043.647159576,13,0%,92%,-1.5,,,4043.647159576,17%,0.,4%,0.7,3%,0.2,18%,1.6,4043.647159576,3%,0.7,27,19%,4%,0.1,0%,0.,,,1%,-0.3,3700.122816086,13,,93%,,,,3700.122816086,17%,,3%,,3%,,17%,,3700.122816086,2%,,23,,4%,,0%,,,,1%,
Ukraine,Alcohol Stores,SPRAGA,3734.953468323,10,0%,98%,0.6,,,3734.953468323,13%,-0.2,10%,1.1,4%,1.7,13%,8.6,3734.953468323,5%,0.3,21,-23%,3%,-0.8,0%,0.,,,2%,-0.4,3382.082752228,10,0%,98%,-1.,,,3382.082752228,14%,-0.1,9%,-29.7,3%,-6.2,5%,-25.1,3382.082752228,4%,-0.5,27,25%,4%,-0.1,0%,0.,,,2%,1.5,4097.899173737,10,,99%,,,,4097.899173737,14%,,39%,,9%,,30%,,4097.899173737,5%,,22,,4%,,0%,,,,1%,
Ukraine,Alcohol Stores,DIMPYVA,3512.462393761,18,0%,71%,3.8,,,3512.462393761,19%,-0.5,7%,2.6,3%,-0.,8%,-18.5,3512.462393761,4%,-1.2,23,1%,3%,-0.2,0%,0.,,,2%,0.7,4020.096411705,18,0%,67%,1.3,,,4020.096411705,19%,0.,5%,0.4,3%,-0.4,27%,-3.2,4020.096411705,6%,-2.,23,-1%,3%,-0.8,0%,0.,,,1%,-0.3,3297.361594677,18,,66%,,,,3297.361594677,19%,,4%,,3%,,30%,,3297.361594677,8%,,23,,4%,,0%,,,,2%,
Ukraine,Alcohol Stores,CHILL TIME,3069.447193146,15,0%,92%,-2.9,,,3069.447193146,17%,0.7,6%,-1.8,2%,0.,3%,2.5,3069.447193146,5%,1.,23,9%,4%,1.8,0%,0.,,,3%,0.8,3101.468004227,15,0%,95%,5.,,,3101.468004227,17%,-1.1,7%,0.5,2%,0.7,0%,0.,3101.468004227,4%,0.3,21,-8%,2%,-1.2,0%,0.,,,2%,-0.2,3000.448493958,15,,90%,,,,3000.448493958,18%,,7%,,1%,,0%,,3000.448493958,4%,,23,,3%,,0%,,,,3%,
Ukraine,Erotic,NO TABOO,2912.607867241,39,-3%,94%,-2.5,68%,-8.7,2912.607867241,11%,2.,10%,10.4,7%,3.7,56%,-5.,2912.607867241,25%,-2.7,30,-2%,4%,1.8,7%,-0.2,27%,16.2,2%,-3.7,2782.167514801,40,0%,96%,1.1,77%,-9.4,2782.167514801,9%,0.6,0%,-0.8,3%,0.3,61%,4.,2782.167514801,28%,7.,31,-9%,3%,-1.3,8%,1.8,11%,-5.6,5%,2.9,2708.217975616,40,,95%,,86%,,2708.217975616,9%,,1%,,3%,,57%,,2708.217975616,21%,,34,,4%,,6%,,17%,,2%,
Ukraine,Specialty Stores,LEPRUKON,2830.951171875,1,0%,99%,-0.7,,,2830.951171875,16%,-0.3,58%,24.9,26%,8.3,95%,10.1,2830.951171875,2%,-0.7,24,-12%,4%,-1.4,0%,0.,,,1%,-0.3,2822.724609375,1,0%,100%,1.2,,,2822.724609375,16%,0.2,33%,6.8,18%,2.5,85%,-7.7,2822.724609375,2%,1.6,28,-9%,5%,-4.3,0%,0.,,,2%,-1.7,2334.785400391,1,,99%,,,,2334.785400391,16%,,26%,,16%,,93%,,2334.785400391,1%,,31,,10%,,0%,,,,3%,
Ukraine,Alcohol Stores,HALYTSKYI KUKHOL,2809.325500488,3,0%,96%,0.5,,,2809.325500488,16%,0.7,6%,0.7,3%,2.4,11%,10.7,2809.325500488,3%,0.6,25,4%,2%,-1.3,0%,0.,,,2%,1.5,2160.915428162,3,0%,95%,-1.7,,,2160.915428162,15%,0.5,6%,-0.2,1%,-0.4,0%,0.,2160.915428162,2%,-1.7,24,5%,4%,1.7,0%,0.,,,0%,-0.6,1725.654769897,3,,97%,,,,1725.654769897,14%,,6%,,1%,,0%,,1725.654769897,4%,,23,,2%,,0%,,,,1%,
Ukraine,Gas Station Convenience,BRSM,2698.608724594,40,8%,90%,-4.6,89%,-2.3,2698.608724594,16%,-3.6,17%,11.1,11%,6.3,42%,17.,2698.608724594,34%,12.6,92,94%,6%,-1.3,8%,4.5,33%,33.3,2%,1.7,1780.79633522,37,37%,94%,8.3,92%,-4.5,1780.79633522,19%,5.,5%,-33.8,4%,-12.9,25%,25.,1780.79633522,22%,-18.4,48,33%,7%,7.,4%,4.,0%,,0%,-1.8,261.999959469,27,,86%,,96%,,261.999959469,14%,,39%,,17%,,0%,,261.999959469,40%,,36,,0%,,0%,,,,2%,
Ukraine,Alcohol Stores,ALTBIER,2509.27009058,19,-5%,64%,-1.7,,,2509.27009058,15%,-0.6,4%,1.5,1%,0.8,2%,1.2,2509.27009058,3%,0.5,29,21%,3%,-0.8,0%,0.,,,1%,-0.3,2641.377717495,20,5%,66%,-6.,,,2641.377717495,15%,1.,3%,-26.1,0%,-6.2,1%,-21.8,2641.377717495,3%,-1.,24,-2%,4%,0.2,0%,0.,,,1%,0.1,3053.436864853,19,,72%,,,,3053.436864853,14%,,29%,,7%,,23%,,3053.436864853,4%,,25,,3%,,0%,,,,1%,
Ukraine,Alcohol Stores,OPILLYA,2040.319137573,4,0%,96%,1.5,,,2040.319137573,20%,-2.,76%,54.8,16%,12.9,25%,25.5,2040.319137573,1%,-1.9,24,-3%,2%,-1.2,0%,0.,,,1%,0.6,1224.759872437,4,0%,95%,9.7,,,1224.759872437,22%,3.1,21%,-58.,3%,-9.9,0%,0.,1224.759872437,3%,-0.2,25,3%,3%,2.3,0%,0.,,,0%,-0.8,1669.318634033,4,,85%,,,,1669.318634033,19%,,79%,,13%,,0%,,1669.318634033,3%,,24,,1%,,0%,,,,1%,
Ukraine,Alcohol Stores,GOOD BEER VIN,2000.895965576,3,0%,97%,0.7,,,2000.895965576,13%,0.1,12%,3.7,5%,2.7,10%,6.8,2000.895965576,3%,-0.9,23,-17%,4%,-1.2,0%,0.,,,2%,1.,1566.119110107,3,0%,96%,4.2,,,1566.119110107,13%,-0.8,8%,0.2,2%,-0.9,3%,-0.4,1566.119110107,4%,-1.3,28,20%,6%,2.9,0%,0.,,,1%,-1.,1316.257324219,3,,92%,,,,1316.257324219,14%,,8%,,3%,,4%,,1316.257324219,5%,,24,,3%,,0%,,,,2%,
Ukraine,Alcohol Stores,PIVOMARKET KYIV,1900.272312164,13,0%,96%,-1.4,,,1900.272312164,16%,-0.5,6%,-5.4,2%,-0.9,10%,-22.9,1900.272312164,5%,0.1,24,-8%,2%,-2.8,0%,0.,,,4%,0.3,1270.566807747,13,0%,98%,10.2,,,1270.566807747,16%,1.3,11%,11.1,3%,1.6,33%,-7.8,1270.566807747,5%,-0.7,26,-16%,5%,-6.3,0%,0.,,,4%,-7.,314.170546055,13,,87%,,,,314.170546055,15%,,0%,,2%,,41%,,314.170546055,6%,,31,,11%,,0%,,,,11%,
Ukraine,Alcohol Stores,BEARS BEER,1822.876059532,10,0%,71%,2.1,,,1822.876059532,21%,-1.1,3%,3.3,3%,2.6,17%,16.6,1822.876059532,7%,-2.3,22,-2%,2%,0.8,0%,0.,,,2%,0.8,1080.933354855,10,0%,69%,22.4,,,1080.933354855,23%,2.9,0%,-8.6,0%,-3.6,0%,0.,1080.933354855,10%,-3.1,23,-2%,1%,-3.5,0%,0.,,,1%,-0.6,591.954847336,10,,47%,,,,591.954847336,20%,,9%,,4%,,0%,,591.954847336,13%,,23,,4%,,0%,,,,1%,
Ukraine,Specialty Stores,TAISTRA,1770.469970703,1,0%,95%,-2.1,81%,-5.5,1770.469970703,12%,-1.4,1%,0.5,0%,0.,0%,0.,1770.469970703,2%,-0.5,20,-18%,3%,0.6,27%,3.6,37%,2.7,3%,-0.5,2758.510986328,1,0%,97%,-2.6,87%,-3.9,2758.510986328,13%,0.9,0%,-18.,0%,-6.,0%,-36.,2758.510986328,3%,-0.8,24,-18%,2%,-0.1,23%,-2.6,34%,8.3,4%,1.6,4370.239257813,1,,99%,,91%,,4370.239257813,12%,,18%,,6%,,36%,,4370.239257813,3%,,29,,2%,,26%,,26%,,2%,
Ukraine,Specialty Stores,MEAL TIME,1727.239959717,3,,98%,,,,1727.239959717,10%,,14%,,5%,,5%,,1727.239959717,2%,,41,,1%,,0%,,,,3%,,0,0,,,,,,0,,,,,,,,,0,,,,,,,,,,,,,,,,,,,,,,,,,,,,,,,,,,,,,,,,,
Ukraine,Alcohol Stores,PIVOBANK,1662.555833817,15,0%,90%,0.6,,,1662.555833817,14%,-0.1,23%,10.6,9%,7.,22%,18.7,1662.555833817,5%,-1.6,25,-2%,2%,-1.6,0%,0.,,,2%,0.2,1197.484949112,15,-6%,90%,4.5,,,1197.484949112,14%,-0.4,13%,-1.2,2%,-0.3,3%,1.6,1197.484949112,6%,-3.8,26,5%,4%,-0.9,0%,0.,,,2%,1.8,848.868659973,16,,85%,,,,848.868659973,15%,,14%,,3%,,1%,,848.868659973,10%,,25,,4%,,0%,,,,0%,
Ukraine,Alcohol Stores,GOOD BEER,1618.173206329,4,-20%,97%,0.5,,,1618.173206329,19%,-0.1,64%,48.6,16%,12.2,77%,59.3,1618.173206329,1%,-0.8,25,13%,3%,2.,0%,0.,,,2%,-0.9,1448.60062027,5,0%,97%,15.5,,,1448.60062027,19%,1.1,15%,-5.,4%,-1.9,17%,0.3,1448.60062027,1%,-3.9,22,-12%,1%,-0.9,0%,0.,,,3%,3.,1817.066604614,5,,81%,,,,1817.066604614,18%,,20%,,5%,,17%,,1817.066604614,5%,,25,,2%,,0%,,,,0%,
Ukraine,Alcohol Stores,KEGOVA,1528.972412109,1,0%,99%,-0.,,,1528.972412109,18%,-2.4,93%,5.2,28%,5.7,71%,-0.7,1528.972412109,0%,-0.8,26,-1%,4%,2.8,0%,0.,,,2%,-0.2,2107.591796875,1,0%,99%,-0.5,,,2107.591796875,20%,0.9,88%,-3.5,22%,2.5,72%,20.9,2107.591796875,1%,0.,26,3%,2%,-1.6,0%,0.,,,2%,0.8,2090.4765625,1,,100%,,,,2090.4765625,19%,,92%,,20%,,51%,,2090.4765625,1%,,25,,3%,,0%,,,,2%,
Ukraine,Alcohol Stores,UMANPYVO BRANDSTORE,1496.317199707,7,0%,98%,-0.7,,,1496.317199707,17%,0.3,9%,9.1,3%,3.3,3%,2.6,1496.317199707,5%,2.5,27,24%,4%,-4.1,0%,0.,,,3%,1.4,929.189990997,7,0%,99%,2.,,,929.189990997,17%,-3.1,0%,-0.9,0%,-0.3,0%,0.,929.189990997,2%,-0.2,22,-12%,8%,2.,0%,0.,,,2%,1.,1041.010594368,7,,97%,,,,1041.010594368,20%,,1%,,0%,,0%,,1041.010594368,3%,,25,,6%,,0%,,,,1%,
Ukraine,Alcohol Stores,PRAVDA CRAFT MISSION,1461.189109802,7,0%,94%,7.4,,,1461.189109802,14%,0.2,22%,18.5,9%,7.9,12%,9.5,1461.189109802,6%,-1.,33,51%,2%,-1.7,0%,0.,,,0%,0.,968.674499512,7,0%,86%,-6.4,,,968.674499512,14%,0.6,3%,1.4,1%,0.6,2%,1.,968.674499512,7%,-0.7,22,5%,3%,0.9,0%,0.,,,0%,0.,889.384040833,7,,93%,,,,889.384040833,13%,,2%,,0%,,1%,,889.384040833,7%,,21,,2%,,0%,,,,0%,
Ukraine,Flower Shops,FLOWER SHOP,1430.989959717,4,0%,84%,-3.3,,,1430.989959717,10%,1.8,77%,-0.9,26%,8.8,65%,15.2,1430.989959717,23%,5.9,105,16%,5%,3.,0%,0.,,,3%,-1.,1584.668029785,4,0%,88%,-0.1,,,1584.668029785,8%,1.7,78%,-13.5,17%,-7.6,50%,-25.,1584.668029785,17%,-5.2,90,-4%,2%,-1.,0%,0.,,,4%,1.1,1394.072822571,4,,88%,,,,1394.072822571,6%,,92%,,25%,,75%,,1394.072822571,23%,,94,,3%,,0%,,,,3%,
Ukraine,Grocery Stores,RODYNNA KOVBASKA,1351.841059551,30,-3%,77%,2.6,82%,-1.7,1351.841059551,16%,-0.2,11%,9.3,9%,8.5,53%,52.9,1351.841059551,52%,6.6,86,173%,3%,0.8,52%,0.,19%,1.,4%,-1.7,545.005671501,31,19%,74%,19.1,84%,-4.,545.005671501,16%,4.2,2%,-14.9,1%,-6.8,0%,0.,545.005671501,46%,-1.2,31,-70%,2%,-0.3,52%,13.6,18%,-15.2,6%,-2.7,677.276165724,26,,55%,,88%,,677.276165724,12%,,16%,,7%,,0%,,677.276165724,47%,,104,,3%,,38%,,33%,,8%,
Ukraine,Alcohol Stores,NALYVKY ZI LVOVA,1306.599121094,1,0%,100%,0.4,,,1306.599121094,9%,-1.2,89%,10.4,24%,6.1,81%,6.3,1306.599121094,1%,-3.5,36,13%,7%,1.7,0%,0.,,,5%,4.9,574.417602539,1,0%,99%,16.8,,,574.417602539,10%,1.4,79%,-16.7,18%,-2.1,75%,-19.1,574.417602539,5%,-3.3,31,-12%,5%,0.8,0%,0.,,,0%,-1.4,1180.068847656,1,,83%,,,,1180.068847656,9%,,96%,,20%,,94%,,1180.068847656,8%,,36,,4%,,0%,,,,1%,
Ukraine,Flower Shops,NL FLOWER SHOP,1301.715415955,4,0%,64%,-0.2,,,1301.715415955,9%,0.2,18%,13.1,7%,6.4,36%,36.4,1301.715415955,13%,-12.8,44,-46%,3%,-4.7,0%,0.,,,8%,4.2,810.034824371,4,0%,64%,1.1,,,810.034824371,9%,1.9,5%,3.4,0%,-0.6,0%,0.,810.034824371,26%,-5.5,82,-19%,7%,-1.2,0%,0.,,,4%,-7.7,1117.027381897,4,,63%,,,,1117.027381897,7%,,2%,,1%,,0%,,1117.027381897,31%,,101,,9%,,0%,,,,11%,
Ukraine,Alcohol Stores,SVIJIY ROZLUV,1298.683959961,2,0%,97%,0.,,,1298.683959961,14%,-1.2,0%,-0.4,0%,0.,1%,1.1,1298.683959961,13%,6.1,23,-21%,2%,0.1,0%,0.,,,0%,0.,1482.002929688,2,0%,97%,2.5,,,1482.002929688,15%,2.,0%,-2.5,0%,-1.2,0%,-1.4,1482.002929688,7%,3.1,29,18%,2%,-2.2,0%,0.,,,0%,0.,1008.367126465,2,,95%,,,,1008.367126465,13%,,3%,,1%,,1%,,1008.367126465,4%,,25,,4%,,0%,,,,0%,
Ukraine,Alcohol Stores,PYANA VYSHNYA,1263.740966797,12,-20%,63%,-5.3,,,1263.740966797,15%,0.5,13%,6.5,7%,4.7,6%,2.6,1263.740966797,5%,-4.,30,12%,5%,5.,0%,0.,,,6%,6.2,938.318510056,15,7%,68%,5.7,,,938.318510056,15%,-1.1,6%,0.,2%,-1.8,4%,3.9,938.318510056,9%,-1.8,27,-1%,0%,-3.1,0%,0.,,,0%,0.,946.342542648,14,,62%,,,,946.342542648,16%,,6%,,4%,,0%,,946.342542648,11%,,27,,3%,,0%,,,,0%,
Ukraine,Alcohol Stores,MAHAZYN PYVNYY UKRAIINSKYJ KRAFT,1226.641033173,6,0%,94%,4.8,,,1226.641033173,21%,1.2,0%,0.,1%,0.7,12%,9.9,1226.641033173,11%,4.7,24,15%,4%,1.9,0%,0.,,,2%,-1.,1203.600154877,6,0%,89%,-5.8,,,1203.600154877,20%,-3.,0%,0.,0%,0.2,2%,2.1,1203.600154877,6%,-0.6,21,-11%,2%,-0.8,0%,0.,,,3%,2.,1226.833873749,6,,95%,,,,1226.833873749,23%,,0%,,0%,,0%,,1226.833873749,7%,,24,,3%,,0%,,,,1%,
Ukraine,Alcohol Stores,UMANPIVO,1217.941497803,6,0%,97%,0.4,,,1217.941497803,21%,-0.2,9%,4.,5%,2.4,14%,-9.7,1217.941497803,4%,1.5,25,17%,1%,1.4,0%,0.,,,4%,2.6,904.752601624,6,0%,97%,11.8,,,904.752601624,22%,-3.5,5%,-9.9,2%,-0.3,24%,6.8,904.752601624,3%,-0.9,21,-19%,0%,-1.8,0%,0.,,,1%,0.9,477.198205948,6,,85%,,,,477.198205948,25%,,14%,,3%,,17%,,477.198205948,4%,,26,,2%,,0%,,,,0%,
Ukraine,Convenience Stores,REMESLO BREWERY,1215.465911865,2,0%,91%,-2.1,,,1215.465911865,17%,-2.1,6%,-4.9,5%,-0.5,51%,-17.9,1215.465911865,6%,3.6,26,-1%,4%,0.2,0%,0.,,,0%,-2.,863.411560059,2,0%,93%,-0.4,,,863.411560059,19%,4.7,10%,3.7,5%,1.1,69%,-4.1,863.411560059,2%,-5.5,26,-20%,4%,2.1,0%,0.,,,2%,0.1,1017.209472656,2,,93%,,,,1017.209472656,14%,,7%,,4%,,73%,,1017.209472656,8%,,33,,2%,,0%,,,,2%,
Ukraine,Alcohol Stores,LUCKY BEER,1072.359619141,1,0%,99%,-0.4,,,1072.359619141,14%,0.1,0%,-1.3,0%,-0.3,0%,0.,1072.359619141,2%,1.7,22,-3%,2%,-1.3,0%,0.,,,0%,0.,1708.065185547,1,0%,100%,-0.1,,,1708.065185547,13%,0.,1%,-0.3,0%,-0.2,0%,-1.4,1708.065185547,0%,0.,23,4%,3%,3.,0%,0.,,,0%,-1.4,1274.470092773,1,,100%,,,,1274.470092773,13%,,2%,,0%,,1%,,1274.470092773,0%,,22,,0%,,0%,,,,1%,
Ukraine,Alcohol Stores,SEIM,1057.165527344,1,0%,94%,-1.9,,,1057.165527344,17%,1.3,6%,0.7,4%,2.4,7%,7.1,1057.165527344,0%,0.,21,-10%,1%,-1.6,0%,0.,,,0%,-2.4,1157.430541992,1,0%,96%,-0.8,,,1157.430541992,16%,-1.2,6%,2.9,1%,0.6,0%,-1.2,1157.430541992,0%,-1.2,24,3%,2%,2.4,0%,0.,,,2%,1.2,718.80279541,1,,97%,,,,718.80279541,17%,,3%,,1%,,1%,,718.80279541,1%,,23,,0%,,0%,,,,1%,
Ukraine,Alcohol Stores,LITR BEER,990.575134277,1,0%,95%,-3.6,,,990.575134277,18%,-1.7,80%,-0.5,13%,3.1,24%,23.7,990.575134277,0%,0.,28,9%,5%,0.5,0%,0.,,,0%,0.,1047.896850586,1,0%,99%,-0.2,,,1047.896850586,20%,2.,81%,-6.5,10%,-1.,0%,0.,1047.896850586,0%,0.,26,5%,5%,2.7,0%,0.,,,0%,0.,921.691345215,1,,99%,,,,921.691345215,18%,,87%,,11%,,0%,,921.691345215,0%,,24,,2%,,0%,,,,0%,
Ukraine,Alcohol Stores,PYVOTEKA ODESA,959.235237122,3,0%,98%,-0.2,,,959.235237122,18%,-2.6,5%,5.1,3%,2.6,19%,18.9,959.235237122,2%,-3.3,27,-7%,7%,-1.2,0%,0.,,,1%,-0.,907.588539124,3,0%,98%,0.2,,,907.588539124,20%,2.,0%,-3.4,0%,-0.4,0%,0.,907.588539124,5%,1.5,29,12%,8%,0.6,0%,0.,,,1%,-1.9,1025.875152588,3,,98%,,,,1025.875152588,18%,,3%,,0%,,0%,,1025.875152588,4%,,26,,7%,,0%,,,,3%,
Ukraine,Specialty Stores,VAPE STORY,920.545471191,2,0%,92%,-5.6,,,920.545471191,21%,-2.9,12%,3.9,6%,4.3,28%,22.7,920.545471191,17%,-0.3,29,11%,1%,-0.,0%,0.,,,3%,-1.5,821.349182129,2,0%,98%,15.1,,,821.349182129,24%,2.8,8%,-31.3,2%,-9.,5%,-20.9,821.349182129,18%,4.8,26,-26%,1%,-8.7,0%,0.,,,4%,-2.7,1100.000396729,2,,83%,,,,1100.000396729,21%,,39%,,11%,,26%,,1100.000396729,13%,,35,,10%,,0%,,,,7%,
Ukraine,Alcohol Stores,BEER SOTA,892.379627228,4,-20%,33%,-15.1,,,892.379627228,13%,-0.,6%,-7.8,3%,0.7,6%,5.6,892.379627228,5%,-18.8,25,13%,0%,0.,0%,0.,,,1%,-2.1,283.707486153,5,-17%,48%,15.9,,,283.707486153,13%,-1.,14%,13.6,2%,2.,0%,0.,283.707486153,24%,-5.9,22,-25%,0%,0.,0%,0.,,,3%,-1.6,148.653507233,6,,32%,,,,148.653507233,14%,,0%,,0%,,0%,,148.653507233,30%,,30,,0%,,0%,,,,5%,
Ukraine,Alcohol Stores,SOLOD BEER MARKET,868.365905762,1,0%,100%,0.2,,,868.365905762,14%,-5.5,9%,9.1,8%,8.2,4%,4.3,868.365905762,2%,0.2,31,28%,3%,-0.6,0%,0.,,,1%,1.,428.076538086,1,0%,100%,-0.1,,,428.076538086,19%,6.4,0%,-13.7,0%,-6.4,0%,0.,428.076538086,2%,0.,24,-8%,4%,-2.5,0%,0.,,,0%,-1.9,456.143341064,1,,100%,,,,456.143341064,13%,,14%,,6%,,0%,,456.143341064,2%,,26,,6%,,0%,,,,2%,
Ukraine,Alcohol Stores,PYVOTEKA 2020,858.683776855,1,0%,98%,-1.8,,,858.683776855,20%,-2.6,92%,-1.8,24%,2.5,56%,9.7,858.683776855,3%,3.1,26,-3%,3%,0.5,0%,0.,,,0%,-1.3,988.885009766,1,0%,100%,-0.3,,,988.885009766,23%,3.9,94%,-0.2,21%,-1.5,47%,10.2,988.885009766,0%,-6.,26,-7%,3%,-1.9,0%,0.,,,1%,-0.2,978.328125,1,,100%,,,,978.328125,19%,,95%,,23%,,37%,,978.328125,6%,,28,,4%,,0%,,,,1%,
Ukraine,Alcohol Stores,BEER EMPORIUM,824.842407227,1,0%,97%,-2.,,,824.842407227,21%,-3.3,0%,0.,1%,0.8,7%,6.6,824.842407227,3%,1.3,36,77%,3%,1.3,0%,0.,,,3%,1.3,588.797363281,1,0%,99%,-0.8,,,588.797363281,24%,-0.5,0%,-0.6,0%,-0.1,0%,0.,588.797363281,2%,1.9,20,6%,2%,1.9,0%,0.,,,2%,1.9,502.330871582,1,,99%,,,,502.330871582,25%,,1%,,0%,,0%,,502.330871582,0%,,19,,0%,,0%,,,,0%,
Ukraine,Alcohol Stores,PYVOMARKET,815.588134766,2,0%,93%,-5.6,,,815.588134766,16%,-0.2,25%,-6.5,13%,2.3,45%,-14.9,815.588134766,4%,-1.,34,8%,0%,-4.1,0%,0.,,,1%,-1.7,1123.489135742,2,0%,99%,1.4,,,1123.489135742,16%,-2.8,32%,10.6,11%,5.7,60%,38.4,1123.489135742,5%,-0.5,32,-5%,4%,0.8,0%,0.,,,3%,2.,788.946487427,2,,98%,,,,788.946487427,19%,,21%,,5%,,21%,,788.946487427,6%,,33,,3%,,0%,,,,1%,
Ukraine,Alcohol Stores,LVIVSKI KRANY,814.194019318,6,0%,98%,-0.,,,814.194019318,12%,1.6,1%,-0.4,1%,-0.,6%,-0.1,814.194019318,0%,0.,20,1%,0%,-2.8,0%,0.,,,0%,-1.4,868.94187355,6,0%,98%,2.6,,,868.94187355,11%,-0.9,2%,-0.9,1%,-1.8,6%,-7.6,868.94187355,0%,0.,20,-9%,3%,0.4,0%,0.,,,1%,1.4,965.220316887,6,,95%,,,,965.220316887,12%,,3%,,3%,,13%,,965.220316887,0%,,22,,2%,,0%,,,,0%,
Ukraine,Alcohol Stores,PYVO TUTA,795.552185059,1,0%,99%,2.,,,795.552185059,23%,-4.5,9%,9.,4%,3.8,22%,21.9,795.552185059,6%,-5.2,26,3%,3%,0.2,0%,0.,,,4%,1.6,326.566101074,1,0%,97%,16.8,,,326.566101074,27%,3.3,0%,-6.1,0%,-1.,0%,0.,326.566101074,11%,11.1,25,-7%,3%,-0.6,0%,0.,,,3%,-3.9,372.693237305,1,,80%,,,,372.693237305,24%,,6%,,1%,,0%,,372.693237305,0%,,27,,3%,,0%,,,,7%,
Ukraine,Alcohol Stores,PYVNA LIHA,789.141418457,1,0%,97%,-2.2,,,789.141418457,18%,-0.8,68%,-12.1,21%,-1.8,79%,-13.3,789.141418457,0%,-1.3,36,7%,4%,-1.2,0%,0.,,,1%,0.,789.097290039,1,0%,99%,1.2,,,789.097290039,19%,0.1,80%,24.,22%,5.9,92%,5.,789.097290039,1%,1.3,34,-15%,5%,-7.7,0%,0.,,,1%,1.3,413.34954834,1,,98%,,,,413.34954834,19%,,56%,,17%,,87%,,413.34954834,0%,,40,,13%,,0%,,,,0%,
Ukraine,Alcohol Stores,BEERROOM,782.758789063,3,0%,91%,-4.,,,782.758789063,15%,-1.,5%,4.9,3%,2.7,6%,6.2,782.758789063,2%,-1.1,17,5%,0%,0.,0%,0.,,,0%,-1.2,687.963821411,3,0%,95%,14.9,,,687.963821411,16%,2.3,0%,-4.7,0%,-2.1,0%,0.,687.963821411,4%,0.9,16,-3%,0%,-1.3,0%,0.,,,1%,-1.5,581.772483826,3,,80%,,,,581.772483826,14%,,5%,,2%,,0%,,581.772483826,3%,,17,,1%,,0%,,,,3%,
Ukraine,Alcohol Stores,PIVASOV,704.246608734,24,0%,89%,1.,,,704.246608734,18%,-1.8,1%,-12.4,1%,-2.9,7%,-35.1,704.246608734,12%,1.5,29,-12%,4%,-0.6,0%,0.,,,6%,6.,389.497751713,24,"2,300%",88%,88.3,,,389.497751713,20%,,14%,,4%,,42%,,389.497751713,10%,,33,,4%,,0%,,,,0%,,0,1,,0%,,,,0,,,,,,,,,0,,,,,,,,,,,,
Ukraine,Alcohol Stores,BEER COMPANY,623.796478271,2,0%,96%,1.4,,,623.796478271,22%,0.7,0%,0.,2%,1.6,10%,10.,623.796478271,2%,-2.5,18,-15%,3%,0.5,0%,0.,,,2%,0.3,716.125717163,2,0%,95%,0.8,,,716.125717163,22%,-1.5,0%,0.,0%,-0.2,0%,-1.4,716.125717163,4%,4.2,21,5%,3%,0.1,0%,0.,,,1%,0.,737.167053223,2,,94%,,,,737.167053223,23%,,0%,,0%,,1%,,737.167053223,0%,,20,,3%,,0%,,,,1%,
Ukraine,Alcohol Stores,BOHEMIAN KINGS BEER,623.444849014,4,0%,65%,7.1,,,623.444849014,19%,1.3,3%,-3.5,2%,0.8,12%,11.8,623.444849014,4%,3.8,28,-5%,0%,-9.3,0%,0.,,,2%,1.9,524.693618774,4,0%,58%,-4.7,,,524.693618774,18%,3.4,7%,5.2,1%,0.6,0%,0.,524.693618774,0%,-2.6,29,18%,9%,6.7,0%,0.,,,0%,-1.3,1034.249603271,4,,63%,,,,1034.249603271,14%,,2%,,0%,,0%,,1034.249603271,3%,,25,,3%,,0%,,,,1%,
Ukraine,Alcohol Stores,SHOPYVO,618.471313477,1,0%,92%,-6.4,,,618.471313477,18%,3.9,9%,5.3,3%,2.5,7%,7.4,618.471313477,1%,-0.2,24,5%,3%,1.3,0%,0.,,,1%,-0.2,689.251831055,1,0%,98%,3.9,,,689.251831055,14%,0.1,3%,2.3,1%,0.2,0%,0.,689.251831055,2%,-3.1,23,-13%,2%,-3.1,0%,0.,,,2%,1.6,731.360778809,1,,94%,,,,731.360778809,14%,,1%,,0%,,0%,,731.360778809,5%,,26,,5%,,0%,,,,0%,
Ukraine,Alcohol Stores,VINNYTSKE PUVO,617.92755127,1,0%,95%,-5.4,,,617.92755127,16%,0.9,6%,-8.8,2%,-0.9,3%,3.2,617.92755127,3%,3.1,21,29%,2%,1.6,0%,0.,,,2%,1.6,573.297546387,1,0%,100%,-0.,,,573.297546387,15%,-1.7,15%,9.,3%,1.6,0%,0.,573.297546387,0%,-1.8,16,-11%,0%,-5.3,0%,0.,,,0%,-1.8,484.111663818,1,,100%,,,,484.111663818,17%,,6%,,1%,,0%,,484.111663818,2%,,18,,5%,,0%,,,,2%,
Ukraine,Alcohol Stores,PYVNA HAVAN,617.624052048,7,0%,93%,-2.3,,,617.624052048,19%,-0.2,9%,5.5,4%,3.1,5%,3.9,617.624052048,8%,-6.4,20,-1%,2%,0.4,0%,0.,,,5%,3.6,826.082996368,7,0%,96%,-0.3,,,826.082996368,19%,1.,3%,-6.7,1%,-2.8,1%,-0.4,826.082996368,14%,-2.5,21,-13%,1%,-4.9,0%,0.,,,1%,-3.4,642.385429382,7,,96%,,,,642.385429382,18%,,10%,,4%,,2%,,642.385429382,17%,,24,,6%,,0%,,,,5%,
Ukraine,Alcohol Stores,PO PYVKU,616.753234863,1,0%,96%,-2.2,,,616.753234863,12%,-0.8,8%,8.4,7%,6.6,20%,19.5,616.753234863,2%,-7.,26,35%,7%,7.3,0%,0.,,,2%,-3.9,291.51473999,1,0%,99%,0.7,,,291.51473999,12%,1.7,0%,-9.6,0%,-4.4,0%,0.,291.51473999,9%,-3.1,19,-33%,0%,0.,0%,0.,,,6%,6.3,82.020782471,1,,98%,,,,82.020782471,11%,,10%,,4%,,0%,,82.020782471,13%,,29,,0%,,0%,,,,0%,
Ukraine,Alcohol Stores,TOP BEER,595.454243183,4,0%,89%,-0.8,,,595.454243183,19%,-0.7,1%,-2.7,2%,0.6,21%,18.6,595.454243183,5%,-5.7,53,108%,0%,0.,0%,0.,,,0%,0.,534.587593079,4,0%,90%,-2.5,,,534.587593079,20%,1.1,4%,1.8,1%,0.3,3%,0.2,534.587593079,10%,-9.3,25,-1%,0%,-6.5,0%,0.,,,0%,-2.2,538.62279129,4,,92%,,,,538.62279129,19%,,2%,,1%,,3%,,538.62279129,20%,,26,,7%,,0%,,,,2%,
Ukraine,Alcohol Stores,PYVO MAN,552.477432251,2,0%,98%,-0.7,,,552.477432251,14%,-0.1,4%,1.9,2%,1.7,13%,12.5,552.477432251,0%,0.,24,2%,3%,-2.1,0%,0.,,,2%,-0.9,315.603523254,2,0%,99%,1.4,,,315.603523254,14%,0.1,2%,2.,0%,0.4,0%,0.,315.603523254,0%,0.,24,4%,5%,-0.7,0%,0.,,,3%,-4.5,420.160766602,2,,97%,,,,420.160766602,14%,,0%,,0%,,0%,,420.160766602,0%,,23,,6%,,0%,,,,7%,
Ukraine,Grocery Stores,SHARLOTKA_,536.586914063,1,0%,99%,2.9,,,536.586914063,18%,-7.4,11%,4.5,4%,2.2,16%,11.,536.586914063,0%,-5.,40,0%,5%,5.4,0%,0.,,,3%,2.7,282.645782471,1,0%,96%,-1.6,,,282.645782471,26%,6.1,7%,-3.2,2%,-1.3,5%,-1.4,282.645782471,5%,5.,40,-7%,0%,0.,0%,0.,,,0%,0.,216.165847778,1,,98%,,,,216.165847778,20%,,10%,,3%,,7%,,216.165847778,0%,,43,,0%,,0%,,,,0%,
Ukraine,Alcohol Stores,BEER SHOP VINNITSYA,533.681091309,1,-50%,35%,-18.8,,,533.681091309,19%,2.9,4%,3.9,1%,1.3,6%,6.4,533.681091309,4%,-1.8,29,25%,2%,2.,0%,0.,,,0%,-1.5,786.948699951,2,0%,54%,-36.3,,,786.948699951,16%,1.,0%,-9.1,0%,-3.8,0%,0.,786.948699951,6%,-0.,23,-31%,0%,-5.1,0%,0.,,,1%,-1.1,1219.120483398,2,,90%,,,,1219.120483398,15%,,9%,,4%,,0%,,1219.120483398,6%,,34,,5%,,0%,,,,3%,
Ukraine,Alcohol Stores,PYVO L BEER BAR,528.303405762,1,0%,90%,-7.7,,,528.303405762,13%,-2.2,15%,4.4,3%,1.6,14%,13.6,528.303405762,0%,-5.,24,-8%,0%,0.,0%,0.,,,9%,4.1,384.826324463,1,0%,98%,-1.1,,,384.826324463,15%,-5.9,11%,10.7,2%,1.5,0%,0.,384.826324463,5%,1.4,27,-2%,0%,-3.6,0%,0.,,,5%,-2.1,435.910858154,1,,99%,,,,435.910858154,21%,,0%,,0%,,0%,,435.910858154,4%,,27,,4%,,0%,,,,7%,
Ukraine,Alcohol Stores,JERKINS AND BEER,523.796813965,1,0%,99%,0.8,,,523.796813965,17%,0.8,3%,-1.,2%,0.,2%,-1.3,523.796813965,15%,12.1,32,-9%,5%,-4.4,0%,0.,,,10%,7.,671.459960938,1,0%,98%,1.4,,,671.459960938,16%,1.9,4%,3.,2%,1.2,3%,1.7,671.459960938,3%,1.6,35,11%,10%,1.6,0%,0.,,,3%,-1.6,715.397277832,1,,97%,,,,715.397277832,14%,,1%,,0%,,2%,,715.397277832,2%,,32,,8%,,0%,,,,5%,
Ukraine,Specialty Stores,COFFEE STORY,501.744781494,1,0%,99%,1.5,,,501.744781494,27%,11.2,65%,-1.1,16%,3.5,49%,14.4,501.744781494,2%,-8.9,30,-13%,5%,3.,0%,0.,,,7%,6.,1171.058349609,1,0%,97%,20.7,,,1171.058349609,16%,-4.1,66%,31.8,12%,4.9,35%,13.6,1171.058349609,11%,-20.2,35,-10%,2%,2.4,0%,0.,,,1%,1.2,433.501647949,1,,77%,,,,433.501647949,20%,,34%,,8%,,21%,,433.501647949,31%,,38,,0%,,0%,,,,0%,
Ukraine,Alcohol Stores,MAHAZYN-KAFE BAVARIA,499.526000977,1,0%,98%,-0.2,,,499.526000977,18%,-1.7,82%,-7.,24%,1.7,73%,6.7,499.526000977,6%,1.7,30,5%,6%,4.,0%,0.,,,3%,-10.5,700.171569824,1,0%,99%,-0.4,,,700.171569824,20%,0.6,89%,18.8,22%,5.7,67%,23.3,700.171569824,5%,1.3,28,2%,2%,-4.2,0%,0.,,,14%,4.,494.437255859,1,,99%,,,,494.437255859,19%,,70%,,17%,,43%,,494.437255859,3%,,28,,6%,,0%,,,,10%,
Ukraine,Alcohol Stores,BEER GODS,499.438079834,1,0%,97%,16.9,,,499.438079834,11%,-3.7,36%,-31.9,12%,-3.9,62%,-13.5,499.438079834,0%,0.,75,162%,4%,3.8,0%,0.,,,4%,3.8,114.864257813,1,,80%,,,,114.864257813,15%,,68%,,16%,,75%,,114.864257813,0%,,28,,0%,,0%,,,,0%,,0,0,,,,,,0,,,,,,,,,0,,,,,,,,,,,,
Ukraine,Alcohol Stores,CRAFT BEER DNIPRO,481.831558228,2,0%,98%,0.1,,,481.831558228,19%,2.2,13%,1.1,4%,2.2,7%,6.8,481.831558228,24%,-0.4,28,-23%,3%,-9.8,0%,0.,,,2%,-5.8,403.348007202,2,-33%,97%,27.8,,,403.348007202,17%,-1.1,12%,8.2,2%,1.3,0%,-1.8,403.348007202,25%,3.4,37,4%,13%,6.2,0%,0.,,,8%,-2.3,596.565063477,3,,70%,,,,596.565063477,18%,,4%,,0%,,2%,,596.565063477,21%,,35,,7%,,0%,,,,10%,
Ukraine,Alcohol Stores,BRATER BEER WE GO,478.458913803,2,0%,70%,14.4,,,478.458913803,21%,-3.1,17%,15.2,9%,9.1,10%,10.2,478.458913803,2%,-2.7,25,-2%,2%,-1.1,0%,0.,,,4%,0.9,551.631713867,2,-33%,55%,24.3,,,551.631713867,24%,1.5,2%,-1.,0%,-0.3,0%,0.,551.631713867,5%,2.9,26,16%,3%,3.1,0%,0.,,,3%,-2.3,491.967681885,3,,31%,,,,491.967681885,23%,,3%,,0%,,0%,,491.967681885,2%,,22,,0%,,0%,,,,5%,
Ukraine,Alcohol Stores,GOLD BEER PUB,474.219390869,1,0%,100%,-0.1,,,474.219390869,14%,1.4,0%,0.,1%,1.4,20%,19.6,474.219390869,0%,0.,19,-4%,2%,2.,0%,0.,,,0%,0.,49.825843811,1,0%,100%,0.4,,,49.825843811,13%,-2.2,0%,0.,0%,0.,0%,0.,49.825843811,0%,0.,20,-11%,0%,0.,0%,0.,,,0%,0.,140.642440796,1,,100%,,,,140.642440796,15%,,0%,,0%,,0%,,140.642440796,0%,,22,,0%,,0%,,,,0%,
Ukraine,Alcohol Stores,DRAFT BEER VINNYTSIA,457.50554657,2,0%,80%,-4.3,,,457.50554657,17%,1.7,12%,12.,4%,4.2,15%,15.2,457.50554657,0%,0.,25,-2%,4%,0.8,0%,0.,,,2%,2.2,556.617156982,2,0%,85%,29.4,,,556.617156982,15%,-0.7,0%,-1.,0%,-0.3,0%,0.,556.617156982,0%,-1.7,26,-3%,4%,-1.6,0%,0.,,,0%,-1.7,604.725086212,2,,55%,,,,604.725086212,16%,,1%,,0%,,0%,,604.725086212,2%,,26,,5%,,0%,,,,2%,
Ukraine,Alcohol Stores,MISTO PIVMARKET,456.179901123,1,0%,99%,-0.1,,,456.179901123,14%,-0.5,17%,15.3,13%,12.4,2%,1.6,456.179901123,0%,0.,21,30%,0%,-2.,0%,0.,,,0%,0.,441.991516113,1,0%,100%,-0.1,,,441.991516113,14%,1.7,2%,-5.3,0%,-2.9,0%,0.,441.991516113,0%,0.,16,1%,2%,2.,0%,0.,,,0%,0.,369.332885742,1,,100%,,,,369.332885742,13%,,7%,,3%,,0%,,369.332885742,0%,,16,,0%,,0%,,,,0%,
Ukraine,Alcohol Stores,KLAN PYVA,430.003387451,1,0%,96%,-2.1,,,430.003387451,14%,-3.7,57%,-29.9,20%,-0.,48%,-34.3,430.003387451,0%,-4.2,20,-27%,0%,-4.2,0%,0.,,,0%,0.,394.734985352,1,0%,98%,3.5,,,394.734985352,18%,0.9,87%,14.4,20%,2.6,83%,15.9,394.734985352,4%,4.2,27,1%,4%,-4.2,0%,0.,,,0%,-8.3,167.735610962,1,,94%,,,,167.735610962,17%,,73%,,17%,,67%,,167.735610962,0%,,27,,8%,,0%,,,,8%,
Ukraine,Flower Shops,ONE SAY,417.823730469,1,0%,93%,-1.8,,,417.823730469,7%,-3.8,0%,0.,0%,0.,0%,0.,417.823730469,13%,12.5,162,74%,,,0%,0.,,,13%,12.5,492.933074951,1,0%,95%,1.2,,,492.933074951,11%,1.9,0%,-22.8,0%,-2.1,0%,0.,492.933074951,0%,-8.3,93,-46%,,,0%,0.,,,0%,-8.3,594.620117188,1,,94%,,,,594.620117188,9%,,23%,,2%,,0%,,594.620117188,8%,,172,,,,0%,,,,8%,
Ukraine,Alcohol Stores,BEER AND MORE,382.295959473,1,0%,100%,8.3,,,382.295959473,12%,-1.7,0%,0.,2%,1.9,53%,52.9,382.295959473,0%,-14.3,26,-3%,0%,0.,0%,0.,,,12%,11.8,120.378639221,1,0%,91%,-8.2,,,120.378639221,14%,4.4,0%,0.,0%,0.,0%,0.,120.378639221,14%,14.3,27,23%,0%,0.,0%,0.,,,0%,0.,134.79699707,1,,100%,,,,134.79699707,9%,,0%,,0%,,0%,,134.79699707,0%,,22,,0%,,0%,,,,0%,
Ukraine,Alcohol Stores,CHEESE&WINE,360.182029724,11,-8%,63%,-0.1,,,360.182029724,14%,1.,10%,10.2,8%,7.7,6%,6.1,360.182029724,13%,-20.2,27,-72%,6%,1.4,0%,0.,,,11%,6.4,235.055856228,12,-8%,63%,13.6,,,235.055856228,13%,1.2,0%,0.,0%,0.,0%,0.,235.055856228,33%,9.3,96,249%,4%,-3.8,0%,0.,,,4%,0.2,313.471801758,13,,50%,,,,313.471801758,12%,,0%,,0%,,0%,,313.471801758,24%,,28,,8%,,0%,,,,4%,
Ukraine,Alcohol Stores,PIV.KO,351.638198853,2,0%,95%,-1.7,,,351.638198853,12%,-3.6,20%,20.1,5%,4.9,0%,0.,351.638198853,5%,0.7,21,5%,3%,-1.8,0%,0.,,,5%,5.,155.438806534,2,0%,96%,0.4,,,155.438806534,16%,0.5,0%,-14.9,0%,-4.1,0%,-3.4,155.438806534,4%,4.3,20,-23%,4%,0.9,0%,0.,,,0%,-3.4,330.580291748,2,,96%,,,,330.580291748,15%,,15%,,4%,,3%,,330.580291748,0%,,26,,3%,,0%,,,,3%,
Ukraine,Alcohol Stores,JAGER BREWERY,348.382843018,1,0%,100%,0.1,,,348.382843018,17%,3.,9%,7.1,4%,3.8,13%,12.5,348.382843018,0%,-2.6,21,13%,5%,2.4,0%,0.,,,0%,0.,372.143951416,1,0%,100%,34.9,,,372.143951416,14%,-6.,2%,-2.3,0%,-1.1,0%,0.,372.143951416,3%,-4.8,19,-11%,3%,2.6,0%,0.,,,0%,0.,169.485565186,1,,65%,,,,169.485565186,20%,,4%,,1%,,0%,,169.485565186,7%,,21,,0%,,0%,,,,0%,
Ukraine,Alcohol Stores,CRAFT BEER MARKET,342.624221802,2,0%,92%,6.8,,,342.624221802,12%,-11.8,90%,26.6,28%,7.5,80%,7.3,342.624221802,9%,-6.3,33,14%,3%,3.2,0%,0.,,,9%,5.2,170.923088074,2,0%,85%,-6.9,,,170.923088074,24%,11.4,63%,-7.8,20%,3.6,73%,-8.2,170.923088074,15%,10.8,29,-17%,0%,-9.1,0%,0.,,,4%,-0.7,251.019130707,2,,92%,,,,251.019130707,13%,,71%,,17%,,81%,,251.019130707,5%,,35,,9%,,0%,,,,5%,
Ukraine,Alcohol Stores,COOL BEER,342.335998535,1,0%,100%,0.4,,,342.335998535,18%,0.8,6%,6.4,5%,5.2,10%,10.,342.335998535,3%,-13.4,66,51%,0%,0.,0%,0.,,,0%,-8.3,190.727890015,1,0%,100%,-0.1,,,190.727890015,17%,-2.3,0%,0.,0%,0.,0%,0.,190.727890015,17%,11.1,44,99%,0%,0.,0%,0.,,,8%,8.3,219.279953003,1,,100%,,,,219.279953003,19%,,0%,,0%,,0%,,219.279953003,6%,,22,,0%,,0%,,,,0%,
Ukraine,Tobacco Stores,VAPERY | VAPE SHOP,316.520404816,5,-44%,12%,1.5,,,316.520404816,25%,2.3,0%,0.,0%,0.4,4%,4.3,316.520404816,54%,5.1,27,-21%,2%,2.,0%,0.,,,0%,-2.2,364.100730896,9,-31%,10%,1.7,,,364.100730896,22%,1.2,0%,0.,0%,0.,0%,0.,364.100730896,49%,-4.1,34,-7%,0%,-2.,0%,0.,,,2%,2.2,367.597887039,13,,8%,,,,367.597887039,21%,,0%,,0%,,0%,,367.597887039,53%,,37,,2%,,0%,,,,0%,
Ukraine,Tobacco Stores,VAPESEE,312.149169922,1,,59%,59.,,,312.149169922,17%,,7%,,7%,,100%,,312.149169922,12%,,38,,12%,,0%,,,,4%,,0,0,,0%,,,,0,,,,,,,,,0,,,,,,,,,,,,,,,,,,,,,,,,,,,,,,,,,,,,,,,,,
Ukraine,Erotic,INTIMATE COMPANY,306.386993408,1,0%,89%,-9.5,,,306.386993408,8%,-1.8,6%,6.2,1%,1.1,0%,0.,306.386993408,23%,3.1,111,308%,0%,0.,0%,0.,,,0%,0.,83.689300537,1,0%,98%,-1.6,,,83.689300537,10%,-6.9,0%,-50.7,0%,-24.5,0%,-88.9,83.689300537,20%,20.,27,-9%,0%,0.,0%,0.,,,0%,0.,92.984939575,1,,100%,,,,92.984939575,17%,,51%,,24%,,89%,,92.984939575,0%,,30,,0%,,0%,,,,0%,
Ukraine,Grocery Stores,HALYA BALUVANA,304.719909668,1,0%,48%,3.5,,,304.719909668,9%,-2.2,17%,17.1,8%,8.3,19%,18.8,304.719909668,24%,11.3,31,17%,5%,4.8,0%,0.,,,0%,0.,119.875839233,1,0%,45%,9.9,,,119.875839233,12%,1.7,0%,-19.,0%,-9.7,0%,-71.4,119.875839233,13%,0.,26,-69%,0%,0.,0%,0.,,,0%,0.,123.535476685,1,,35%,,,,123.535476685,10%,,19%,,10%,,71%,,123.535476685,13%,,85,,0%,,0%,,,,0%,
Ukraine,Alcohol Stores,SUSHI VESLA,296.125237465,4,-43%,40%,-18.,,,296.125237465,17%,4.5,0%,-2.2,1%,0.6,15%,15.4,296.125237465,16%,5.6,39,3%,6%,1.2,0%,0.,,,3%,-0.3,685.931776047,7,0%,58%,-20.1,,,685.931776047,13%,1.8,2%,2.2,1%,0.7,0%,-2.9,685.931776047,11%,-6.1,38,-48%,5%,-2.1,0%,0.,,,4%,-6.,450.276684761,7,,78%,,,,450.276684761,11%,,0%,,0%,,3%,,450.276684761,17%,,72,,7%,,0%,,,,10%,
Ukraine,Alcohol Stores,SOLO VINO,289.070343018,4,0%,93%,-2.7,,,289.070343018,6%,-4.4,0%,0.,0%,0.,0%,0.,289.070343018,11%,2.,31,84%,0%,0.,0%,0.,,,0%,0.,212.973297119,4,0%,96%,5.,,,212.973297119,10%,-2.8,0%,0.,0%,0.,0%,0.,212.973297119,9%,9.1,17,-27%,0%,0.,0%,0.,,,0%,0.,31.440727234,4,,91%,,,,31.440727234,13%,,0%,,0%,,0%,,31.440727234,0%,,23,,0%,,0%,,,,0%,
Ukraine,Flower Shops,KVITY VAV,285.978748322,3,0%,99%,-0.5,,,285.978748322,11%,1.6,25%,15.6,8%,6.7,0%,0.,285.978748322,0%,-8.3,161,110%,0%,0.,0%,0.,,,0%,0.,343.479293823,3,0%,100%,0.2,,,343.479293823,9%,1.9,9%,-20.4,2%,0.2,0%,0.,343.479293823,8%,8.3,77,-46%,0%,-12.5,0%,0.,,,0%,0.,585.623764038,3,,99%,,,,585.623764038,7%,,30%,,2%,,0%,,585.623764038,0%,,144,,13%,,0%,,,,0%,
Ukraine,Alcohol Stores,PYVO I VISKI LBEER,285.592010498,1,0%,99%,-0.7,,,285.592010498,23%,5.1,0%,0.,1%,0.9,11%,11.1,285.592010498,5%,-0.6,26,-5%,0%,-5.9,0%,0.,,,0%,0.,352.538330078,1,0%,100%,-0.1,,,352.538330078,18%,0.2,0%,0.,0%,0.,0%,0.,352.538330078,6%,5.9,27,20%,6%,5.9,0%,0.,,,0%,0.,208.934265137,1,,100%,,,,208.934265137,18%,,0%,,0%,,0%,,208.934265137,0%,,22,,0%,,0%,,,,0%,
Ukraine,Alcohol Stores,BEERSTORE,284.804242611,4,0%,100%,35.1,,,284.804242611,17%,9.3,8%,8.2,5%,4.8,28%,28.,284.804242611,4%,-29.5,31,-98%,0%,0.,0%,0.,,,27%,26.9,16.618243158,4,100%,65%,-26.,,,16.618243158,7%,-13.6,0%,0.,0%,0.,0%,0.,16.618243158,33%,4.8,1517,"4,333%",0%,-7.1,0%,0.,,,0%,-7.1,98.953462601,2,,91%,,,,98.953462601,21%,,0%,,0%,,0%,,98.953462601,29%,,34,,7%,,0%,,,,7%,
Ukraine,Alcohol Stores,PYVKO,283.059356689,2,0%,53%,-9.4,,,283.059356689,22%,5.6,0%,-6.2,1%,-4.1,7%,-34.,283.059356689,0%,0.,25,-16%,0%,-3.4,0%,0.,,,0%,0.,418.40423584,2,0%,63%,4.5,,,418.40423584,17%,-1.5,6%,6.2,5%,1.2,41%,11.7,418.40423584,0%,-3.6,30,14%,3%,-0.1,0%,0.,,,0%,-7.1,333.636505127,2,,58%,,,,333.636505127,18%,,0%,,4%,,30%,,333.636505127,4%,,26,,4%,,0%,,,,7%,
Ukraine,Grocery Stores,LEPRUKON,271.442810059,1,0%,100%,0.4,,,271.442810059,26%,4.1,0%,-24.1,3%,-19.9,22%,-76.8,271.442810059,11%,9.8,45,59%,8%,1.7,0%,0.,,,8%,4.3,678.58392334,1,0%,100%,1.8,,,678.58392334,22%,-2.2,24%,-4.8,23%,0.8,99%,-0.3,678.58392334,1%,-3.5,28,4%,7%,6.7,0%,0.,,,4%,2.1,741.440124512,1,,98%,,,,741.440124512,24%,,29%,,23%,,99%,,741.440124512,5%,,27,,0%,,0%,,,,2%,
Ukraine,Alcohol Stores,ROCK BEER,263.00579834,1,0%,89%,6.,,,263.00579834,18%,0.2,3%,2.8,2%,2.1,21%,21.4,263.00579834,3%,3.4,21,27%,3%,3.4,0%,0.,,,0%,0.,43.331432343,1,0%,83%,-4.,,,43.331432343,18%,-5.7,0%,0.,0%,0.,0%,0.,43.331432343,0%,0.,17,-21%,0%,0.,0%,0.,,,0%,0.,74.15007019,1,,87%,,,,74.15007019,24%,,0%,,0%,,0%,,74.15007019,0%,,21,,0%,,0%,,,,0%,
Ukraine,Alcohol Stores,BROVARNYA 8,260.670560837,2,0%,94%,-2.4,,,260.670560837,18%,1.9,1%,1.1,1%,1.1,10%,10.3,260.670560837,6%,1.,21,-55%,0%,0.,0%,0.,,,0%,0.,375.548112869,2,0%,97%,0.5,,,375.548112869,16%,-1.8,0%,-5.5,0%,-0.6,0%,0.,375.548112869,5%,2.,46,76%,0%,0.,0%,0.,,,0%,-6.9,313.545372009,2,,96%,,,,313.545372009,18%,,6%,,1%,,0%,,313.545372009,3%,,26,,0%,,0%,,,,7%,
Ukraine,Alcohol Stores,KAFETERIY,254.523887634,2,0%,94%,3.2,,,254.523887634,15%,1.2,29%,-37.7,9%,-11.1,33%,-66.7,254.523887634,4%,-1.3,27,-9%,4%,-1.3,0%,0.,,,0%,-2.6,435.857284546,2,0%,91%,-4.9,,,435.857284546,14%,0.1,67%,-1.9,20%,-0.2,100%,0.,435.857284546,5%,5.3,30,3%,5%,1.1,0%,0.,,,3%,-5.7,261.748916626,2,,95%,,,,261.748916626,14%,,68%,,20%,,100%,,261.748916626,0%,,29,,4%,,0%,,,,8%,
Ukraine,Flower Shops,FRESH FLOWERS,251.09336853,1,0%,83%,40.2,,,251.09336853,11%,-0.6,0%,0.,2%,1.8,43%,42.9,251.09336853,0%,0.,47,-92%,14%,14.3,0%,0.,,,0%,0.,169.290039063,1,-50%,43%,0.1,,,169.290039063,12%,-2.8,0%,0.,0%,0.,0%,0.,169.290039063,0%,0.,588,100%,0%,0.,0%,0.,,,0%,0.,109.354934692,2,,43%,,,,109.354934692,15%,,0%,,0%,,0%,,109.354934692,0%,,294,,0%,,0%,,,,0%,
Ukraine,Alcohol Stores,DRAFT & CRAFT BEER SHOP,233.931808472,1,0%,99%,0.7,,,233.931808472,11%,-2.2,17%,7.9,26%,5.6,94%,14.1,233.931808472,0%,0.,29,-11%,6%,-4.1,0%,0.,,,0%,0.,129.5362854,1,0%,98%,0.2,,,129.5362854,14%,1.3,9%,-7.,21%,-2.4,80%,-11.7,129.5362854,0%,-7.7,33,23%,10%,2.3,0%,0.,,,0%,0.,134.897216797,1,,98%,,,,134.897216797,12%,,16%,,23%,,92%,,134.897216797,8%,,27,,8%,,0%,,,,0%,
Ukraine,Alcohol Stores,PIVOVAR,233.925729752,5,0%,57%,-21.4,,,233.925729752,17%,-0.8,0%,-9.,0%,-1.9,0%,-3.1,233.925729752,7%,2.4,33,-0%,7%,-0.6,0%,0.,,,3%,3.4,576.316810608,5,0%,78%,34.3,,,576.316810608,17%,4.7,9%,9.,2%,1.9,3%,3.1,576.316810608,4%,-28.9,33,-4%,7%,7.5,0%,0.,,,0%,0.,18.890571594,5,,44%,,,,18.890571594,13%,,0%,,0%,,0%,,18.890571594,33%,,34,,0%,,0%,,,,0%,
Ukraine,Alcohol Stores,PIVNOY BUTIK,232.306091309,1,0%,84%,-9.7,,,232.306091309,20%,3.3,8%,-2.4,6%,3.2,20%,20.,232.306091309,4%,-12.2,29,-20%,8%,-0.3,0%,0.,,,0%,0.,297.516448975,1,0%,94%,5.1,,,297.516448975,16%,1.7,10%,10.3,2%,2.4,0%,0.,297.516448975,16%,8.3,37,-6%,8%,0.3,0%,0.,,,0%,-15.4,185.270431519,1,,89%,,,,185.270431519,15%,,0%,,0%,,0%,,185.270431519,8%,,39,,8%,,0%,,,,15%,
Ukraine,Tobacco Stores,13GRAM,225.360380173,6,0%,58%,-6.,,,225.360380173,14%,-0.4,0%,0.,2%,1.7,25%,25.,225.360380173,16%,-24.2,27,14%,5%,5.3,0%,0.,,,5%,5.3,38.302238464,6,0%,64%,-9.9,,,38.302238464,14%,-4.2,0%,0.,0%,0.,0%,0.,38.302238464,40%,21.8,24,-21%,0%,0.,0%,0.,,,0%,-9.1,79.060870171,6,,74%,,,,79.060870171,19%,,0%,,0%,,0%,,79.060870171,18%,,30,,0%,,0%,,,,9%,
Ukraine,Tobacco Stores,PARA RIVNE,214.053782463,5,,50%,50.4,,,214.053782463,13%,,39%,,12%,,7%,,214.053782463,12%,,38,,6%,,0%,,,,12%,,0,0,,0%,,,,0,,,,,,,,,0,,,,,,,,,,,,,0,0,,,,,,0,,,,,,,,,0,,,,,,,,,,,,
Ukraine,Grocery Stores,SPAR,211.933013916,1,0%,69%,65.6,92%,0.5,211.933013916,13%,-14.4,31%,30.6,11%,10.8,14%,14.3,211.933013916,46%,46.2,43,106%,4%,3.8,47%,47.4,89%,,4%,3.8,14.299449921,1,0%,3%,3.2,91%,,14.299449921,27%,,0%,,0%,,0%,,14.299449921,0%,,21,,0%,,0%,,,,0%,,0,1,,0%,,,,0,,,,,,,,,0,,,,,,,,,,,,
Ukraine,Alcohol Stores,BEER TIME KYIV,211.3126297,2,0%,100%,0.3,,,211.3126297,23%,6.1,0%,0.,2%,2.5,22%,22.2,211.3126297,5%,5.3,28,-5%,6%,5.6,0%,0.,,,0%,-12.5,144.52130127,2,100%,100%,-0.3,,,144.52130127,17%,-5.4,0%,0.,0%,0.,0%,0.,144.52130127,0%,0.,29,7%,0%,0.,0%,0.,,,13%,-5.7,135.829940796,1,,100%,,,,135.829940796,23%,,0%,,0%,,0%,,135.829940796,0%,,27,,0%,,0%,,,,18%,
Ukraine,Alcohol Stores,BEER FRESH,210.682067871,1,0%,85%,-10.8,,,210.682067871,14%,-1.,6%,6.1,3%,2.7,0%,0.,210.682067871,9%,9.1,28,5%,5%,4.5,0%,0.,,,9%,4.1,235.578994751,1,0%,96%,3.2,,,235.578994751,15%,4.8,0%,-9.3,0%,-4.2,0%,0.,235.578994751,0%,-6.3,27,-4%,0%,-6.3,0%,0.,,,5%,5.,229.883605957,1,,93%,,,,229.883605957,11%,,9%,,4%,,0%,,229.883605957,6%,,28,,6%,,0%,,,,0%,
Ukraine,Alcohol Stores,BEER CLUB LVIV,210.350570679,1,0%,100%,54.3,,,210.350570679,20%,20.4,0%,0.,0%,0.,0%,0.,210.350570679,0%,0.,29,50%,0%,,0%,0.,,,0%,0.,3.375018597,1,,45%,,,,3.375018597,0%,,0%,,0%,,0%,,3.375018597,0%,,19,,,,0%,,,,0%,,,,,,,,,,,,,,,,,,,,,,,,,,,,,,
Ukraine,Alcohol Stores,PIVKO KHM,209.808746338,1,0%,97%,-1.1,,,209.808746338,9%,-2.8,44%,35.4,28%,27.1,5%,5.3,209.808746338,5%,5.,35,70%,0%,0.,0%,0.,,,0%,-4.5,228.761169434,1,0%,98%,-1.5,,,228.761169434,12%,0.2,9%,8.9,1%,1.2,0%,0.,228.761169434,0%,-6.7,20,-7%,0%,0.,0%,0.,,,5%,4.5,148.047576904,1,,99%,,,,148.047576904,12%,,0%,,0%,,0%,,148.047576904,7%,,22,,0%,,0%,,,,0%,
Ukraine,Alcohol Stores,PYVNA 2 LITRA,205.240478516,1,0%,92%,-4.4,,,205.240478516,19%,0.2,0%,0.,0%,0.,0%,0.,205.240478516,0%,0.,20,-23%,0%,0.,0%,0.,,,0%,0.,97.182090759,1,0%,97%,1.,,,97.182090759,19%,10.3,0%,0.,0%,0.,0%,0.,97.182090759,0%,0.,26,41%,0%,0.,0%,0.,,,0%,-33.3,77.729064941,1,,96%,,,,77.729064941,8%,,0%,,0%,,0%,,77.729064941,0%,,18,,0%,,0%,,,,33%,
Ukraine,Alcohol Stores,PORTAL PUB,201.08782959,1,0%,88%,-1.4,,,201.08782959,6%,-2.2,70%,-7.4,14%,0.1,25%,25.,201.08782959,0%,0.,23,-27%,0%,0.,0%,0.,,,0%,0.,134.27053833,1,0%,89%,2.2,,,134.27053833,8%,1.1,77%,-23.1,14%,-4.5,0%,0.,134.27053833,0%,0.,31,19%,0%,0.,0%,0.,,,0%,0.,137.462890625,1,,87%,,,,137.462890625,7%,,100%,,19%,,0%,,137.462890625,0%,,26,,0%,,0%,,,,0%,
Ukraine,Alcohol Stores,BEERCO,199.366699219,1,0%,94%,-5.,,,199.366699219,21%,-6.,23%,22.9,15%,15.5,53%,53.3,199.366699219,6%,6.3,29,4%,13%,12.5,0%,0.,,,0%,0.,28.024150848,1,0%,99%,5.6,,,28.024150848,27%,4.9,0%,0.,0%,0.,0%,0.,28.024150848,0%,0.,28,26%,0%,0.,0%,0.,,,0%,0.,46.542041779,1,,94%,,,,46.542041779,23%,,0%,,0%,,0%,,46.542041779,0%,,22,,0%,,0%,,,,0%,
Ukraine,Specialty Stores,SINEMA SITI,193.327697754,1,0%,93%,-6.9,,,193.327697754,20%,-1.4,0%,0.,0%,0.,0%,0.,193.327697754,17%,17.4,31,-9%,9%,-12.7,0%,0.,,,0%,0.,139.689971924,1,0%,100%,84.7,,,139.689971924,21%,-30.,0%,0.,0%,0.,0%,0.,139.689971924,0%,0.,34,38%,21%,21.4,0%,0.,,,0%,0.,15.433984756,1,,15%,,,,15.433984756,51%,,0%,,0%,,0%,,15.433984756,0%,,25,,0%,,0%,,,,0%,
Ukraine,Flower Shops,SELINA FLOWERS,183.121994019,1,0%,91%,9.,,,183.121994019,6%,1.5,9%,9.4,5%,5.3,33%,33.3,183.121994019,25%,25.,30,-24%,0%,0.,0%,0.,,,0%,-25.,360.323577881,1,0%,82%,2.1,,,360.323577881,5%,,0%,,0%,,0%,,360.323577881,0%,-100.,39,,0%,0.,0%,,,,25%,25.,0,1,,80%,,,,0,,,,,,,,,0,100%,,,,0%,,,,,,0%,
Ukraine,Alcohol Stores,KHMILNIY BOB,180.934112549,1,0%,97%,-2.2,,,180.934112549,24%,5.3,11%,10.8,7%,7.,0%,0.,180.934112549,0%,-11.1,50,100%,0%,0.,0%,0.,,,0%,0.,51.094074249,1,0%,99%,-0.5,,,51.094074249,18%,-1.3,0%,0.,0%,0.,0%,0.,51.094074249,11%,0.,25,-53%,0%,-22.2,0%,0.,,,0%,-11.1,55.228408813,1,,100%,,,,55.228408813,20%,,0%,,0%,,0%,,55.228408813,11%,,54,,22%,,0%,,,,11%,
Ukraine,Tobacco Stores,CLOUD_HUB,178.898696899,1,,30%,,,,178.898696899,20%,,0%,,3%,,29%,,178.898696899,11%,,29,,0%,,0%,,,,0%,,,,,,,,,,,,,,,,,,,,,,,,,,,,,,,,,,,,,,,,,,,,,,,,,,,,,,,,,,,
Ukraine,Alcohol Stores,PYVANDR,176.676780701,3,0%,93%,-6.2,,,176.676780701,17%,-5.1,17%,13.8,9%,8.2,10%,10.,176.676780701,5%,1.5,52,129%,5%,-4.9,0%,0.,,,5%,-0.1,480.434310913,3,0%,99%,0.5,,,480.434310913,22%,1.8,3%,-4.4,1%,-2.1,0%,-1.3,480.434310913,3%,3.2,23,-0%,10%,-2.,0%,0.,,,5%,2.2,644.618209839,3,,98%,,,,644.618209839,20%,,7%,,3%,,1%,,644.618209839,0%,,23,,12%,,0%,,,,3%,
Ukraine,Alcohol Stores,BROVARNIA PYVNA LEHENDA,175.820263386,4,0%,80%,15.5,,,175.820263386,20%,3.5,21%,-1.3,6%,0.1,5%,-2.4,175.820263386,5%,-8.3,28,5%,10%,10.,0%,0.,,,0%,-6.7,177.655457497,4,0%,65%,2.6,,,177.655457497,16%,-1.,22%,20.3,6%,5.7,8%,7.7,177.655457497,13%,13.3,26,6%,0%,0.,0%,0.,,,7%,6.7,214.321380615,4,,62%,,,,214.321380615,17%,,2%,,0%,,0%,,214.321380615,0%,,25,,0%,,0%,,,,0%,
Ukraine,Alcohol Stores,BRATER BAR,175.628463745,1,0%,94%,1.3,,,175.628463745,15%,-8.2,3%,3.3,2%,2.4,14%,14.3,175.628463745,0%,0.,23,-16%,0%,0.,0%,0.,,,0%,-4.8,224.470108032,1,0%,92%,0.1,,,224.470108032,23%,5.6,0%,0.,0%,0.,0%,0.,224.470108032,0%,0.,27,24%,0%,0.,0%,0.,,,5%,4.8,143.331604004,1,,92%,,,,143.331604004,18%,,0%,,0%,,0%,,143.331604004,0%,,22,,0%,,0%,,,,0%,
Ukraine,Flower Shops,UKRAINE FLOWERS,161.281440735,2,-33%,84%,22.3,,,161.281440735,9%,2.2,17%,16.7,5%,5.4,20%,20.,161.281440735,0%,-20.,42,-13%,0%,-20.,0%,0.,,,0%,0.,140.260223389,3,50%,62%,-10.7,,,140.260223389,7%,-5.6,0%,0.,0%,0.,0%,0.,140.260223389,20%,20.,48,-78%,20%,20.,0%,0.,,,0%,-33.3,78.147750854,2,,72%,,,,78.147750854,13%,,0%,,0%,,0%,,78.147750854,0%,,222,,0%,,0%,,,,33%,
Ukraine,Alcohol Stores,MAHAZYN ROZLYVNOHO PYVA BAVARIA,158.294906616,1,0%,98%,-0.5,,,158.294906616,22%,7.4,0%,0.,1%,0.9,6%,5.9,158.294906616,0%,0.,22,-1%,12%,11.8,0%,0.,,,0%,0.,214.439834595,1,0%,98%,2.1,,,214.439834595,15%,-3.2,0%,-16.4,0%,-5.5,0%,0.,214.439834595,0%,0.,22,-3%,0%,-6.7,0%,0.,,,0%,0.,175.847763062,1,,96%,,,,175.847763062,18%,,16%,,6%,,0%,,175.847763062,0%,,23,,7%,,0%,,,,0%,
Ukraine,Alcohol Stores,BERLIN,156.514968872,1,0%,95%,4.8,,,156.514968872,25%,-6.4,0%,0.,7%,6.7,35%,35.3,156.514968872,6%,-3.5,27,14%,17%,12.1,0%,0.,,,0%,-18.2,139.26260376,1,0%,91%,-1.,,,139.26260376,32%,6.1,0%,-35.9,0%,-6.9,0%,-13.3,139.26260376,9%,2.8,24,-10%,5%,-1.7,0%,0.,,,18%,18.2,115.200508118,1,,92%,,,,115.200508118,25%,,36%,,7%,,13%,,115.200508118,6%,,26,,6%,,0%,,,,0%,
Ukraine,Alcohol Stores,BEERWIEL,154.601425171,1,-50%,26%,-68.3,,,154.601425171,13%,-1.3,85%,-0.6,25%,0.7,100%,0.,154.601425171,0%,-4.8,33,10%,0%,-2.4,0%,0.,,,7%,4.8,384.024295807,2,0%,94%,0.5,,,384.024295807,15%,-2.2,85%,3.3,25%,2.5,100%,0.,384.024295807,5%,-6.3,30,-3%,2%,-3.2,0%,0.,,,2%,-3.2,287.242113113,2,,94%,,,,287.242113113,17%,,82%,,22%,,100%,,287.242113113,11%,,31,,6%,,0%,,,,6%,
Ukraine,Alcohol Stores,SMAK PYVA,153.390411377,1,0%,96%,1.5,,,153.390411377,19%,-38.4,6%,6.4,3%,3.3,17%,16.7,153.390411377,8%,-25.6,27,-30%,0%,-16.7,0%,0.,,,0%,0.,30.819005966,1,0%,95%,-1.3,,,30.819005966,57%,,0%,,0%,,0%,,30.819005966,33%,,39,,17%,,0%,,,,0%,,0,1,,96%,,,,0,,,,,,,,,0,,,,,,,,,,,,
Ukraine,Alcohol Stores,APIVAS,152.464920044,1,0%,90%,-2.5,,,152.464920044,12%,-0.6,27%,-5.5,9%,4.,0%,0.,152.464920044,11%,11.1,27,17%,11%,7.7,0%,0.,,,6%,-1.3,288.470794678,1,0%,92%,-6.3,,,288.470794678,12%,-5.3,33%,6.8,5%,0.8,0%,0.,288.470794678,0%,-2.7,23,-4%,3%,3.4,0%,0.,,,7%,6.9,238.0990448,1,,99%,,,,238.0990448,17%,,26%,,4%,,0%,,238.0990448,3%,,24,,0%,,0%,,,,0%,
Ukraine,Flower Shops,LIME FLOWERS&DECOR,143.645370483,1,0%,97%,-2.5,,,143.645370483,13%,4.4,0%,0.,2%,1.9,25%,25.,143.645370483,0%,-14.3,113,-52%,0%,0.,0%,0.,,,0%,0.,164.294937134,1,0%,100%,0.5,,,164.294937134,9%,-5.7,0%,0.,0%,0.,0%,0.,164.294937134,14%,6.,236,26%,0%,0.,0%,0.,,,0%,0.,187.158950806,1,,99%,,,,187.158950806,15%,,0%,,0%,,0%,,187.158950806,8%,,187,,0%,,0%,,,,0%,
Ukraine,Flower Shops,LAVANDA FLOWERS,143.063079834,1,0%,86%,78.4,,,143.063079834,4%,0.4,0%,0.,0%,0.,0%,0.,143.063079834,0%,0.,332,922%,0%,0.,0%,0.,,,0%,0.,75.748046875,1,0%,8%,-23.9,,,75.748046875,4%,,0%,,0%,,0%,,75.748046875,0%,,32,,0%,,0%,,,,0%,,0,1,,32%,,,,0,,,,,,,,,0,,,,,,,,,,,,
Ukraine,Specialty Stores,SWEET HOUSE,141.502258301,1,0%,100%,0.5,,,141.502258301,12%,3.5,64%,12.4,31%,20.6,50%,16.7,141.502258301,0%,0.,111,205%,0%,0.,0%,0.,,,0%,0.,103.122062683,1,0%,100%,-0.5,,,103.122062683,8%,-12.2,52%,51.7,11%,10.7,33%,33.3,103.122062683,0%,0.,37,-15%,0%,0.,0%,0.,,,0%,0.,41.416664124,1,,100%,,,,41.416664124,21%,,0%,,0%,,0%,,41.416664124,0%,,43,,0%,,0%,,,,0%,
Ukraine,Flower Shops,MILANO FLOWERS,130.518722534,2,0%,69%,-4.8,,,130.518722534,16%,11.9,17%,17.3,7%,6.9,20%,20.,130.518722534,0%,0.,32,-15%,0%,0.,0%,0.,,,20%,3.3,413.271255493,2,0%,74%,2.9,,,413.271255493,4%,-4.5,0%,0.,0%,0.,0%,0.,413.271255493,0%,0.,38,20%,0%,0.,0%,0.,,,17%,16.7,103.375152588,2,,71%,,,,103.375152588,9%,,0%,,0%,,0%,,103.375152588,0%,,32,,0%,,0%,,,,0%,
Ukraine,Alcohol Stores,PYVO BAZA,117.847305298,1,0%,82%,10.7,,,117.847305298,22%,3.3,22%,21.7,7%,6.9,17%,16.7,117.847305298,0%,0.,27,33%,8%,8.3,0%,0.,,,0%,0.,70.842971802,1,0%,71%,-17.2,,,70.842971802,19%,1.8,0%,-32.5,0%,-9.6,0%,-10.,70.842971802,0%,-9.1,20,-0%,0%,0.,0%,0.,,,0%,-9.1,100.653312683,1,,89%,,,,100.653312683,17%,,32%,,10%,,10%,,100.653312683,9%,,20,,0%,,0%,,,,9%,
Ukraine,Alcohol Stores,BEER TIME,116.606864929,1,0%,84%,-15.6,,,116.606864929,23%,-0.2,0%,0.,1%,1.,9%,9.1,116.606864929,31%,9.,23,8%,0%,0.,0%,0.,,,0%,-11.1,69.804168701,1,0%,99%,6.9,,,69.804168701,23%,-1.,0%,0.,0%,0.,0%,0.,69.804168701,22%,-2.8,21,-31%,0%,-12.5,0%,0.,,,11%,11.1,59.158634186,1,,92%,,,,59.158634186,24%,,0%,,0%,,0%,,59.158634186,25%,,31,,13%,,0%,,,,0%,
Ukraine,Alcohol Stores,YOY_CHE,111.735839844,1,0%,58%,12.1,,,111.735839844,18%,4.7,100%,0.,33%,8.3,100%,0.,111.735839844,0%,-12.5,38,23%,27%,27.3,0%,0.,,,18%,18.2,84.806785583,1,-50%,46%,-8.5,,,84.806785583,13%,2.5,100%,39.,25%,12.3,100%,50.,84.806785583,13%,-7.5,31,-9%,0%,-20.,0%,0.,,,0%,-20.,52.367900848,2,,54%,,,,52.367900848,11%,,61%,,12%,,50%,,52.367900848,20%,,34,,20%,,0%,,,,20%,
Ukraine,Flower Shops,LILIUM STUDIO,109.475791931,1,0%,100%,0.9,,,109.475791931,18%,9.7,0%,0.,1%,-1.1,20%,-35.6,109.475791931,0%,0.,30,-28%,0%,0.,0%,0.,,,0%,0.,391.920318604,1,0%,99%,0.4,,,391.920318604,9%,-4.8,0%,0.,2%,-3.5,56%,-44.4,391.920318604,0%,0.,42,56%,0%,0.,0%,0.,,,0%,0.,82.19102478,1,,99%,,,,82.19102478,13%,,0%,,5%,,100%,,82.19102478,0%,,27,,0%,,0%,,,,0%,
Ukraine,,TOCHKA,105.698280334,1,0%,97%,1.7,,,105.698280334,20%,1.7,0%,0.,0%,0.,0%,0.,105.698280334,0%,0.,19,-41%,0%,-18.2,0%,0.,,,0%,0.,115.966911316,1,0%,96%,-0.9,,,115.966911316,18%,-3.4,0%,0.,0%,0.,0%,0.,115.966911316,0%,0.,31,16%,18%,12.9,0%,0.,,,0%,0.,179.729858398,1,,96%,,,,179.729858398,21%,,0%,,0%,,0%,,179.729858398,0%,,27,,5%,,0%,,,,0%,
Ukraine,Specialty Stores,CBD LOVER,101.049560547,1,0%,99%,0.6,,,101.049560547,14%,0.1,100%,100.,18%,17.5,0%,0.,101.049560547,0%,0.,28,-7%,11%,11.1,0%,0.,,,11%,11.1,23.859809875,1,0%,99%,-0.3,,,23.859809875,14%,-0.8,0%,0.,0%,0.,0%,0.,23.859809875,0%,0.,30,114%,0%,0.,0%,0.,,,0%,0.,19.889989853,1,,99%,,,,19.889989853,15%,,0%,,0%,,0%,,19.889989853,0%,,14,,0%,,0%,,,,0%,
Ukraine,Alcohol Stores,DNEPR.YACHT,98.667915344,1,0%,91%,0.6,,,98.667915344,22%,-0.8,10%,10.1,5%,5.5,40%,40.,98.667915344,17%,16.7,37,6%,8%,8.3,0%,0.,,,8%,8.3,58.810710907,1,0%,90%,-7.7,,,58.810710907,23%,5.3,0%,0.,0%,0.,0%,0.,58.810710907,0%,-10.,35,28%,0%,0.,0%,0.,,,0%,0.,86.547721863,1,,98%,,,,86.547721863,17%,,0%,,0%,,0%,,86.547721863,10%,,27,,0%,,0%,,,,0%,
Ukraine,Alcohol Stores,BEER MEN,97.230026245,1,0%,92%,-6.6,,,97.230026245,20%,-7.8,32%,-15.5,27%,12.1,71%,33.9,97.230026245,13%,12.5,41,32%,0%,0.,0%,0.,,,0%,0.,64.123878479,1,0%,99%,-0.2,,,64.123878479,28%,8.2,48%,17.4,15%,1.2,38%,-45.8,64.123878479,0%,-14.3,31,-33%,0%,-28.6,0%,0.,,,0%,0.,92.135467529,1,,99%,,,,92.135467529,19%,,30%,,14%,,83%,,92.135467529,14%,,46,,29%,,0%,,,,0%,
Ukraine,Alcohol Stores,PYVNI TRADYTSII,93.909751892,1,,71%,,,,93.909751892,20%,,36%,,18%,,29%,,93.909751892,13%,,35,,0%,,0%,,,,0%,,0,0,,,,,,0,,,,,,,,,0,,,,,,,,,,,,,,,,,,,,,,,,,,,,,,,,,,,,,,,,,
Ukraine,Grocery Stores,DAKS MARKET,91.105194092,1,0%,78%,-1.7,,,91.105194092,20%,4.9,56%,37.1,34%,28.5,44%,31.9,91.105194092,0%,-11.1,59,8%,11%,0.,0%,0.,,,22%,11.1,99.480033875,1,0%,80%,-5.3,,,99.480033875,15%,-0.1,19%,-55.2,5%,-24.6,13%,12.5,99.480033875,11%,4.9,55,-3%,11%,11.1,0%,0.,,,11%,11.1,154.249725342,1,,85%,,,,154.249725342,15%,,74%,,30%,,0%,,154.249725342,6%,,57,,0%,,0%,,,,0%,
Ukraine,Alcohol Stores,JUST BEER,89.149848938,1,0%,98%,0.9,,,89.149848938,15%,-4.2,18%,18.,9%,9.2,14%,14.3,89.149848938,0%,0.,26,-13%,0%,0.,0%,0.,,,0%,0.,64.485351563,1,0%,97%,-2.,,,64.485351563,19%,2.5,0%,0.,0%,0.,0%,0.,64.485351563,0%,0.,29,28%,0%,0.,0%,0.,,,0%,0.,59.85836792,1,,99%,,,,59.85836792,17%,,0%,,0%,,0%,,59.85836792,0%,,23,,0%,,0%,,,,0%,
Ukraine,Flower Shops,LOVE FLOWERS,87.212600708,1,0%,65%,-18.8,,,87.212600708,6%,-3.3,0%,-20.2,0%,-1.7,0%,0.,87.212600708,0%,-25.,42,17%,0%,0.,0%,0.,,,0%,0.,116.830879211,1,0%,84%,16.,,,116.830879211,10%,-25.8,20%,20.2,2%,1.7,0%,0.,116.830879211,25%,25.,35,-75%,0%,0.,0%,0.,,,0%,-33.3,41.741710663,1,,68%,,,,41.741710663,36%,,0%,,0%,,0%,,41.741710663,0%,,140,,0%,,0%,,,,33%,
Ukraine,Alcohol Stores,BIERWELLE,85.276390076,1,0%,75%,43.3,,,85.276390076,13%,,20%,,12%,,22%,,85.276390076,44%,-56.3,27,,0%,0.,0%,,,,13%,12.5,0,1,0%,32%,-52.,,,0,,,,,,,,,0,100%,42.9,,,0%,0.,,,,,0%,-14.3,22.608961105,1,,84%,,,,22.608961105,24%,,64%,,26%,,0%,,22.608961105,57%,,30,,0%,,0%,,,,14%,
Ukraine,Alcohol Stores,BEERWOLF,77.660224915,1,0%,97%,3.8,,,77.660224915,19%,-4.3,0%,0.,0%,0.,0%,0.,77.660224915,0%,0.,26,-13%,0%,0.,0%,0.,,,0%,0.,7.095116615,1,,93%,,,,7.095116615,24%,,0%,,0%,,0%,,7.095116615,0%,,30,,0%,,0%,,,,0%,,,,,,,,,,,,,,,,,,,,,,,,,,,,,,
Ukraine,Flower Shops,FLORA DEN,72.264312744,1,,81%,,,,72.264312744,8%,,0%,,0%,,0%,,72.264312744,0%,,50,,50%,,0%,,,,0%,,,,,,,,,,,,,,,,,,,,,,,,,,,,,,,,,,,,,,,,,,,,,,,,,,,,,,,,,,,
Ukraine,Alcohol Stores,MAHAZYN BEER HAPPY,71.961130142,2,0%,96%,5.9,,,71.961130142,20%,-4.9,0%,0.,1%,1.1,22%,22.2,71.961130142,10%,10.,20,21%,0%,0.,0%,0.,,,0%,0.,98.052142143,2,0%,90%,5.2,,,98.052142143,25%,7.4,0%,0.,0%,0.,0%,0.,98.052142143,0%,0.,16,-16%,0%,-8.3,0%,0.,,,0%,0.,82.714525223,2,,85%,,,,82.714525223,18%,,0%,,0%,,0%,,82.714525223,0%,,19,,8%,,0%,,,,0%,
Ukraine,Flower Shops,ODA FLOWERS,69.523399353,3,-25%,72%,20.8,,,69.523399353,13%,4.9,0%,0.,3%,2.3,67%,9.5,69.523399353,0%,-12.5,81,-21%,0%,0.,0%,0.,,,0%,0.,292.267242432,4,-20%,51%,2.,,,292.267242432,8%,-20.4,0%,0.,1%,0.8,57%,57.1,292.267242432,13%,12.5,102,-8%,0%,0.,0%,0.,,,0%,-100.,16.751205444,5,,49%,,,,16.751205444,28%,,0%,,0%,,0%,,16.751205444,0%,,112,,0%,,0%,,,,100%,
Ukraine,Alcohol Stores,BEER BAR FRIENDS,64.024093628,1,0%,81%,8.,,,64.024093628,16%,0.7,0%,0.,3%,3.,33%,33.3,64.024093628,25%,25.,28,1%,0%,0.,0%,0.,,,0%,0.,30.780860901,1,0%,73%,-10.2,,,30.780860901,16%,2.7,0%,0.,0%,0.,0%,0.,30.780860901,0%,-25.,28,-9%,0%,0.,0%,0.,,,0%,0.,62.212852478,1,,83%,,,,62.212852478,13%,,0%,,0%,,0%,,62.212852478,25%,,30,,0%,,0%,,,,0%,
Ukraine,Alcohol Stores,BEERSTORE365,63.472042084,1,0%,100%,0.,,,63.472042084,11%,1.2,0%,0.,0%,0.,0%,0.,63.472042084,0%,0.,25,-37%,0%,0.,0%,0.,,,0%,0.,44.340545654,1,0%,100%,0.,,,44.340545654,9%,-0.2,0%,0.,0%,0.,0%,0.,44.340545654,0%,0.,40,47%,0%,0.,0%,0.,,,0%,0.,46.802444458,1,,100%,,,,46.802444458,10%,,0%,,0%,,0%,,46.802444458,0%,,27,,0%,,0%,,,,0%,
Ukraine,Alcohol Stores,PYVKO NA PISHCHANOMU,55.420135498,1,0%,80%,6.7,,,55.420135498,38%,-7.4,0%,0.,0%,0.,0%,0.,55.420135498,0%,0.,32,22%,13%,12.5,0%,0.,,,0%,0.,35.171791077,1,0%,73%,-19.6,,,35.171791077,45%,37.5,0%,0.,0%,0.,0%,0.,35.171791077,0%,0.,26,-14%,0%,0.,0%,0.,,,0%,0.,22.252561569,1,,93%,,,,22.252561569,8%,,0%,,0%,,0%,,22.252561569,0%,,31,,0%,,0%,,,,0%,
Ukraine,Alcohol Stores,GIGI BAR-BOUTIQUEGIGI BAR-BOUTIQUE,50.063568115,1,0%,88%,-7.2,,,50.063568115,10%,-7.1,19%,19.2,9%,8.7,0%,0.,50.063568115,25%,25.,101,345%,0%,0.,0%,0.,,,0%,0.,27.505542755,1,0%,95%,-4.1,,,27.505542755,17%,10.3,0%,0.,0%,0.,0%,0.,27.505542755,0%,0.,23,-97%,0%,0.,0%,0.,,,0%,0.,28.946353912,1,,99%,,,,28.946353912,7%,,0%,,0%,,0%,,28.946353912,0%,,794,,0%,,0%,,,,0%,
Ukraine,Alcohol Stores,PYVNA ZAPRAVKA,48.471035004,1,0%,65%,-7.9,,,48.471035004,28%,10.4,0%,0.,3%,2.6,20%,20.,48.471035004,0%,0.,21,25%,0%,0.,0%,0.,,,20%,20.,30.867647171,1,0%,72%,15.,,,30.867647171,18%,-5.1,0%,0.,0%,0.,0%,0.,30.867647171,0%,0.,17,-46%,0%,-20.,0%,0.,,,0%,0.,52.904052734,1,,57%,,,,52.904052734,23%,,0%,,0%,,0%,,52.904052734,0%,,31,,20%,,0%,,,,0%,
Ukraine,Grocery Stores,KHMELNYI LEV,47.405342102,1,0%,93%,-1.3,,,47.405342102,19%,-1.2,0%,0.,3%,2.6,25%,25.,47.405342102,33%,33.3,44,43%,17%,16.7,0%,0.,,,17%,16.7,37.637989044,1,0%,94%,-0.4,,,37.637989044,21%,-21.3,0%,0.,0%,0.,0%,0.,37.637989044,0%,-33.3,31,-6%,0%,0.,0%,0.,,,0%,-33.3,17.210720062,1,,94%,,,,17.210720062,42%,,0%,,0%,,0%,,17.210720062,33%,,33,,0%,,0%,,,,33%,
Ukraine,Alcohol Stores,VYNO UKRAINY,44.891994476,1,0%,83%,82.,,,44.891994476,13%,,0%,,0%,,0%,,44.891994476,0%,,39,,0%,,0%,,,,0%,,0,1,,1%,,,,0,,,,,,,,,0,,,,,,,,,,,,,0,0,,,,,,0,,,,,,,,,0,,,,,,,,,,,,
Ukraine,Alcohol Stores,3.14VO,41.292350769,1,0%,61%,-29.7,,,41.292350769,20%,,85%,,20%,,50%,,41.292350769,0%,,27,,0%,,0%,,,,0%,,0,1,,91%,90.5,,,0,,,,,,,,,0,,,,,,,,,,,,,0,0,,0%,,,,0,,,,,,,,,0,,,,,,,,,,,,
Ukraine,Alcohol Stores,SHOPOPIVU?,40.494812012,1,0%,82%,2.7,,,40.494812012,23%,-5.9,30%,30.,16%,15.5,33%,33.3,40.494812012,0%,0.,36,-18%,0%,0.,0%,0.,,,0%,0.,26.281692505,1,0%,79%,-6.8,,,26.281692505,29%,7.6,0%,-58.5,0%,-24.,0%,0.,26.281692505,0%,-25.,44,63%,0%,0.,0%,0.,,,0%,0.,28.25510025,1,,86%,,,,28.25510025,22%,,58%,,24%,,0%,,28.25510025,25%,,27,,0%,,0%,,,,0%,
Ukraine,Specialty Stores,KAVALER TUTI,35.519008636,1,0%,31%,-11.4,,,35.519008636,18%,12.5,0%,0.,5%,4.5,33%,33.3,35.519008636,25%,25.,23,-66%,0%,-100.,0%,0.,,,0%,0.,165.818206787,1,0%,42%,-7.9,,,165.818206787,5%,-16.9,0%,0.,0%,0.,0%,0.,165.818206787,0%,0.,67,128%,100%,100.,0%,0.,,,0%,0.,10.852461815,1,,50%,,,,10.852461815,22%,,0%,,0%,,0%,,10.852461815,0%,,30,,0%,,0%,,,,0%,
Ukraine,Flower Shops,RWW.ART,34.907302856,1,0%,95%,-5.,,,34.907302856,9%,-0.9,0%,-3.4,0%,-1.5,0%,-14.3,34.907302856,50%,50.,30,-77%,0%,0.,0%,0.,,,0%,-14.3,255.432281494,1,0%,100%,13.2,,,255.432281494,10%,2.8,3%,3.4,1%,1.5,14%,14.3,255.432281494,0%,0.,132,360%,0%,0.,0%,0.,,,14%,14.3,151.892196655,1,,87%,,,,151.892196655,7%,,0%,,0%,,0%,,151.892196655,0%,,29,,0%,,0%,,,,0%,
Ukraine,Alcohol Stores,OBEER,33.676307678,1,0%,38%,-38.1,,,33.676307678,18%,-3.,0%,0.,0%,0.,0%,0.,33.676307678,20%,-24.4,19,-14%,0%,0.,0%,0.,,,0%,0.,81.215591431,1,0%,76%,-15.6,,,81.215591431,21%,1.5,0%,0.,0%,0.,0%,0.,81.215591431,44%,0.7,22,13%,0%,0.,0%,0.,,,0%,0.,79.465049744,1,,92%,,,,79.465049744,19%,,0%,,0%,,0%,,79.465049744,44%,,20,,0%,,0%,,,,0%,
Ukraine,Grocery Stores,CHAI_PV,33.448467255,1,0%,100%,71.2,,,33.448467255,7%,,0%,,0%,,0%,,33.448467255,0%,,65,,0%,,0%,,,,0%,,0,1,,29%,,,,0,,,,,,,,,0,,,,,,,,,,,,,,,,,,,,,,,,,,,,,,,,,,,,,,,,,
Ukraine,Grocery Stores,BRONZE,29.576152802,1,0%,100%,0.,,,29.576152802,22%,8.4,0%,0.,0%,0.,0%,0.,29.576152802,0%,-16.7,55,-18%,0%,-16.7,0%,0.,,,0%,0.,112.318450928,1,0%,100%,0.,,,112.318450928,13%,-4.,0%,0.,0%,0.,0%,0.,112.318450928,17%,16.7,66,7%,17%,-3.3,0%,0.,,,0%,0.,81.356552124,1,,100%,,,,81.356552124,17%,,0%,,0%,,0%,,81.356552124,0%,,62,,20%,,0%,,,,0%,
Ukraine,Alcohol Stores,ROCKBEER,28.909759521,1,0%,100%,0.,,,28.909759521,25%,-6.5,0%,0.,13%,13.,100%,100.,28.909759521,0%,0.,36,9%,0%,0.,0%,0.,,,50%,0.,26.433408737,1,0%,100%,31.1,,,26.433408737,31%,21.2,0%,0.,0%,0.,0%,0.,26.433408737,0%,-25.,33,51%,0%,0.,0%,0.,,,50%,50.,33.826049805,1,,69%,,,,33.826049805,10%,,0%,,0%,,0%,,33.826049805,25%,,22,,0%,,0%,,,,0%,
Ukraine,Alcohol Stores,LOCATSIA 2 ALCOHOL,24.263500214,1,0%,83%,15.4,,,24.263500214,10%,-2.4,0%,0.,0%,0.,0%,0.,24.263500214,50%,50.,31,21%,0%,0.,0%,0.,,,0%,0.,16.805021286,1,0%,68%,-12.6,,,16.805021286,13%,,0%,,0%,,0%,,16.805021286,0%,-100.,26,,0%,0.,0%,0.,,,0%,-50.,0,1,,81%,,,,0,,,,,,,,,0,100%,,,,0%,,0%,,,,50%,
Ukraine,Alcohol Stores,1.0.0 RADS BAR,23.202257156,1,0%,77%,-11.4,,,23.202257156,11%,-2.6,100%,100.,33%,32.5,100%,100.,23.202257156,67%,-16.7,35,55%,0%,0.,0%,0.,,,0%,0.,12.906966209,1,0%,89%,28.4,,,12.906966209,14%,-22.3,0%,0.,0%,0.,0%,0.,12.906966209,83%,50.,23,-3%,0%,0.,0%,0.,,,0%,-16.7,26.463321686,1,,60%,,,,26.463321686,36%,,0%,,0%,,0%,,26.463321686,33%,,23,,0%,,0%,,,,17%,
Ukraine,Convenience Stores,CRAFT BEER MARKET,22.132396698,1,0%,96%,-2.1,,,22.132396698,8%,,100%,,22%,,100%,,22.132396698,0%,,31,,0%,,0%,,,,0%,,0,1,0%,98%,-0.4,,,0,,,,,,,,,0,,,,,,,,,,,,,10.561288834,1,,99%,,,,10.561288834,14%,,100%,,28%,,100%,,10.561288834,0%,,26,,0%,,0%,,,,0%,
Ukraine,Flower Shops,KATRIN'S FLOWERS,20.738498688,1,0%,65%,4.2,,,20.738498688,11%,5.4,0%,0.,0%,0.,0%,0.,20.738498688,0%,0.,34,-27%,0%,0.,0%,0.,,,0%,0.,55.796073914,1,0%,61%,15.,,,55.796073914,5%,-13.4,0%,0.,0%,0.,0%,0.,55.796073914,0%,0.,47,65%,0%,0.,0%,0.,,,0%,0.,16.443254471,1,,46%,,,,16.443254471,19%,,0%,,0%,,0%,,16.443254471,0%,,28,,0%,,0%,,,,0%,
Ukraine,Flower Shops,MILLION FLOWERS,19.752092361,13,,12%,,,,19.752092361,11%,,0%,,0%,,0%,,19.752092361,0%,,47,,0%,,0%,,,,0%,,,,,,,,,,,,,,,,,,,,,,,,,,,,,,,,,,,,,,,,,,,,,,,,,,,,,,,,,,,
Ukraine,Flower Shops,RV-FLOWER,19.236974716,1,0%,35%,-9.2,,,19.236974716,11%,-0.3,100%,100.,46%,46.3,100%,100.,19.236974716,67%,66.7,43,-22%,0%,0.,0%,0.,,,0%,-50.,51.053016663,1,0%,45%,-3.9,,,51.053016663,11%,-5.5,0%,0.,0%,0.,0%,0.,51.053016663,0%,-50.,55,-13%,0%,-16.7,0%,0.,,,50%,50.,53.958816528,1,,49%,,,,53.958816528,16%,,0%,,0%,,0%,,53.958816528,50%,,63,,17%,,0%,,,,0%,
Ukraine,Alcohol Stores,BREWMEN,18.055778503,1,0%,66%,-24.3,,,18.055778503,7%,,100%,,21%,,100%,,18.055778503,0%,,89,,100%,,0%,,,,0%,,0,1,0%,90%,-1.7,,,0,,,,,,,,,0,,,,,,,,,,,,,44.412185669,1,,92%,,,,44.412185669,13%,,100%,,24%,,100%,,44.412185669,0%,,31,,20%,,0%,,,,20%,
Ukraine,Alcohol Stores,PINA.BEER,17.484111786,1,0%,97%,5.,,,17.484111786,13%,,100%,,18%,,0%,,17.484111786,0%,,18,,0%,,0%,,,,0%,,0,1,0%,92%,-1.4,,,0,,,,,,,,,0,,,,,,,,,,,,,0,1,,93%,,,,0,,,,,,,,,0,,,,,,,,,,,,
Ukraine,Alcohol Stores,MAHAZYN ROZLYVNOHO PYVA PYVOTEKA,17.254817963,1,0%,92%,1.3,,,17.254817963,17%,-7.4,0%,0.,0%,0.,0%,0.,17.254817963,0%,-25.,21,7%,0%,0.,0%,0.,,,0%,0.,24.013954163,1,0%,91%,1.2,,,24.013954163,25%,4.,0%,-54.2,0%,-15.9,0%,-74.1,24.013954163,25%,25.,19,-23%,0%,0.,0%,0.,,,0%,-3.7,343.355560303,1,,90%,,,,343.355560303,21%,,54%,,16%,,74%,,343.355560303,0%,,25,,0%,,0%,,,,4%,
Ukraine,Alcohol Stores,PYVO BILYA TEBE,16.863773346,1,0%,11%,-62.3,,,16.863773346,6%,-39.8,100%,100.,46%,46.,0%,0.,16.863773346,0%,-66.7,30,6%,0%,0.,0%,0.,,,0%,0.,5.82646656,1,0%,74%,-2.4,,,5.82646656,45%,12.9,0%,0.,0%,0.,0%,0.,5.82646656,67%,38.1,28,34%,0%,0.,0%,0.,,,0%,0.,28.26279068,1,,76%,,,,28.26279068,32%,,0%,,0%,,0%,,28.26279068,29%,,21,,0%,,0%,,,,0%,
Ukraine,Alcohol Stores,KRAN KHARKIV,16.384782314,3,0%,26%,-1.2,,,16.384782314,17%,0.8,0%,0.,4%,3.6,50%,50.,16.384782314,0%,0.,32,-56%,0%,0.,0%,0.,,,0%,0.,189.875782013,3,0%,27%,-1.5,,,189.875782013,16%,0.8,0%,0.,0%,0.,0%,0.,189.875782013,0%,0.,72,291%,0%,0.,0%,0.,,,0%,0.,24.391065598,3,,28%,,,,24.391065598,15%,,0%,,0%,,0%,,24.391065598,0%,,18,,0%,,0%,,,,0%,
Ukraine,Specialty Stores,SKHIDNA TOCHKA,16.14383316,2,0%,88%,23.6,,,16.14383316,6%,,100%,,47%,,0%,,16.14383316,0%,,28,,0%,,0%,,,,0%,,0,2,,64%,,,,0,,,,,,,,,0,,,,,,,,,,,,,,,,,,,,,,,,,,,,,,,,,,,,,,,,,
Ukraine,Alcohol Stores,HMILNYJ,14.275140762,1,0%,42%,8.2,,,14.275140762,51%,6.3,0%,0.,0%,0.,0%,0.,14.275140762,0%,0.,20,-2%,0%,0.,0%,0.,,,0%,0.,7.655326366,1,0%,34%,-26.7,,,7.655326366,45%,24.,0%,0.,0%,0.,0%,0.,7.655326366,0%,-50.,20,-21%,0%,0.,0%,0.,,,0%,0.,6.471510887,1,,61%,,,,6.471510887,21%,,0%,,0%,,0%,,6.471510887,50%,,26,,0%,,0%,,,,0%,
Ukraine,Tobacco Stores,TATO VAPE,13.577679634,1,,50%,50.4,,,13.577679634,28%,,0%,,0%,,0%,,13.577679634,33%,,36,,0%,,0%,,,,0%,,0,0,,0%,,,,0,,,,,,,,,0,,,,,,,,,,,,,,,,,,,,,,,,,,,,,,,,,,,,,,,,,
Ukraine,Pet Shops,,13.137181282,1,0%,100%,59.7,19%,-1.,13.137181282,0%,,0%,,0%,,0%,,13.137181282,0%,-100.,611,,,,0%,0.,,,0%,0.,0,1,,40%,,20%,,0,,,,,,,,,0,100%,,,,0%,,0%,,,,0%,,0,0,,,,,,0,,,,,,,,,0,,,,,,,,,,,,
Ukraine,Alcohol Stores,MAHAZYNKAFE KEGA,11.07376194,1,0%,91%,-4.1,,,11.07376194,12%,,100%,,51%,,100%,,11.07376194,0%,,17,,0%,,0%,,,,0%,,0,1,0%,95%,1.7,,,0,,,,,,,,,0,,,,,,,,,,,,,71.452705383,1,,93%,,,,71.452705383,22%,,31%,,13%,,0%,,71.452705383,17%,,30,,0%,,0%,,,,0%,
Ukraine,Pet Shops,GROOM HRUM,10.767287254,1,0%,99%,39.5,,,10.767287254,10%,,0%,,3%,,100%,,10.767287254,0%,-100.,15,,0%,0.,0%,0.,,,0%,0.,0,1,,59%,,,,0,,,,,,,,,0,100%,,,,0%,,0%,,,,0%,,,,,,,,,,,,,,,,,,,,,,,,,,,,,,
Ukraine,Alcohol Stores,PODVAPYVA,10.037323952,1,0%,89%,35.4,,,10.037323952,39%,,0%,,0%,,0%,,10.037323952,0%,,21,,0%,,0%,,,,0%,,0,1,0%,54%,-2.,,,0,,,,,,,,,0,,,,,,,,,,,,,0,1,,56%,,,,0,,,,,,,,,0,,,,,,,,,,,,
Ukraine,Alcohol Stores,KHMILNA KOMORA,7.804033756,1,,87%,,,,7.804033756,14%,,0%,,0%,,0%,,7.804033756,0%,,35,,0%,,0%,,,,0%,,,,,,,,,,,,,,,,,,,,,,,,,,,,,,,,,,,,,,,,,,,,,,,,,,,,,,,,,,,
Ukraine,Alcohol Stores,GANESHABEER,7.637294769,1,0%,4%,-77.3,,,7.637294769,20%,0.7,0%,-8.8,0%,-4.4,0%,-13.3,7.637294769,0%,0.,14,-37%,0%,-6.7,0%,0.,,,0%,0.,152.356582642,1,0%,81%,-16.5,,,152.356582642,19%,0.8,9%,-42.2,4%,-7.3,13%,-27.8,152.356582642,0%,-8.1,23,8%,7%,6.7,0%,0.,,,0%,-2.7,367.100158691,1,,98%,,,,367.100158691,18%,,51%,,12%,,41%,,367.100158691,8%,,21,,0%,,0%,,,,3%,
Ukraine,Alcohol Stores,KHMELIAR,6.863959312,1,0%,98%,6.4,,,6.863959312,13%,,0%,,0%,,0%,,6.863959312,50%,,26,,0%,,0%,,,,50%,,0,1,0%,92%,24.9,,,0,,,,,,,,,0,,,,,,,,,,,,,0,1,,67%,,,,0,,,,,,,,,0,,,,,,,,,,,,
Ukraine,Alcohol Stores,VINNIBEER,6.325369835,1,0%,64%,-21.,,,6.325369835,23%,5.1,0%,0.,0%,0.,0%,0.,6.325369835,80%,80.,19,13%,0%,0.,0%,0.,,,0%,0.,9.27534771,1,0%,85%,-8.3,,,9.27534771,18%,-0.5,0%,-44.1,0%,-12.7,0%,-16.7,9.27534771,0%,-14.3,17,-31%,0%,0.,0%,0.,,,0%,0.,84.777236938,1,,93%,,,,84.777236938,18%,,44%,,13%,,17%,,84.777236938,14%,,25,,0%,,0%,,,,0%,
Ukraine,Alcohol Stores,KELYH,6.25737381,1,,15%,14.8,,,6.25737381,36%,,0%,,0%,,0%,,6.25737381,0%,,49,,0%,,0%,,,,0%,,0,0,,0%,,,,0,,,,,,,,,0,,,,,,,,,,,,,0,0,,,,,,0,,,,,,,,,0,,,,,,,,,,,,
Ukraine,Flower Shops,FLEUR DELICATE,3.471823454,1,0%,26%,-42.4,,,3.471823454,202%,178.9,0%,-57.7,0%,-15.3,0%,-33.3,3.471823454,50%,10.,43,-76%,0%,0.,0%,0.,,,0%,0.,101.072120667,1,0%,68%,-2.2,,,101.072120667,23%,12.5,58%,57.7,15%,15.3,33%,33.3,101.072120667,40%,40.,182,-21%,0%,-20.,0%,0.,,,0%,0.,188.484466553,1,,70%,,,,188.484466553,11%,,0%,,0%,,0%,,188.484466553,0%,,232,,20%,,0%,,,,0%,
Ukraine,,,0,0,,0%,0.,,,0,,,,,,,,,0,,,,,,,,,,,,,0,0,,0%,0.,,,0,,,,,,,,,0,,,,,,,,,,,,,0,0,,0%,,,,0,,,,,,,,,0,,,,,,,,,,,,
Ukraine,,GROCERY TEST,0,0,,0%,0.,,,0,,,,,,,,,0,,,,,,,,,,,,,0,0,-100%,0%,-6.5,,,0,,,,,,,,,0,,,,,,,,,,,,,0,1,,6%,,,,0,,,,,,,,,0,100%,,,,0%,,50%,,100%,,0%,
Ukraine,,LE CLOUD STORE,0,0,,0%,,,,0,,,,,,,,,0,,,,,,,,,,,,,,,,,,,,,,,,,,,,,,,,,,,,,,,,,,,,,,,,,,,,,,,,,,,,,,,,,,,,,,
Ukraine,,LIKI24,0,0,,0%,0.,,,0,,,,,,,,,0,,,,,,,,,,,,,0,0,,0%,0.,,,0,,,,,,,,,0,,,,,,,,,,,,,0,0,,0%,,,,0,,,,,,,,,0,,,,,,,,,,,,
Ukraine,,LIPYMO TA VARYMO,0,0,,,,,,0,,,,,,,,,0,,,,,,,,,,,,,0,0,,,,,,0,,,,,,,,,0,,,,,,,,,,,,,0,0,,0%,,,,0,,,,,,,,,0,,,,,,,,,,,,
Ukraine,,RUKAVYCHKA,0,0,,,,,,0,,,,,,,,,0,,,,,,,,,,,,,0,0,,,,,,0,,,,,,,,,0,,,,,,,,,,,,,0,0,,,,,,0,,,,,,,,,0,,,,,,,,,,,,
Ukraine,Alcohol Stores,,0,0,,,,,,0,,,,,,,,,0,,,,,,,,,,,,,0,0,,,,,,0,,,,,,,,,0,,,,,,,,,,,,,0,0,,,,,,0,,,,,,,,,0,,,,,,,,,,,,
Ukraine,Alcohol Stores,100ML WHISKEY SHOP,0,0,,,,,,0,,,,,,,,,0,,,,,,,,,,,,,0,0,,,,,,0,,,,,,,,,0,,,,,,,,,,,,,0,0,,,,,,0,,,,,,,,,0,,,,,,,,,,,,
Ukraine,Alcohol Stores,1888COFFEETEAM,0,0,,,,,,0,,,,,,,,,0,,,,,,,,,,,,,0,0,,,,,,0,,,,,,,,,0,,,,,,,,,,,,,0,0,,0%,,,,0,,,,,,,,,0,,,,,,,,,,,,
Ukraine,Alcohol Stores,ASBEER,0,0,,,,,,0,,,,,,,,,0,,,,,,,,,,,,,0,0,,,,,,0,,,,,,,,,0,,,,,,,,,,,,,0,0,,,,,,0,,,,,,,,,0,,,,,,,,,,,,
Ukraine,Alcohol Stores,BARREL KHA,0,0,,,,,,0,,,,,,,,,0,,,,,,,,,,,,,0,0,,,,,,0,,,,,,,,,0,,,,,,,,,,,,,0,0,,,,,,0,,,,,,,,,0,,,,,,,,,,,,
Ukraine,Alcohol Stores,BEE R,0,0,-100%,0%,-22.7,,,0,,,,,,,,,0,,,,,,,,,,,,,0,1,0%,23%,-24.7,,,0,,,,,,,,,0,100%,66.7,,,0%,0.,0%,0.,,,0%,-11.1,79.608139038,1,,47%,,,,79.608139038,20%,,96%,,12%,,0%,,79.608139038,33%,,28,,0%,,0%,,,,11%,
Ukraine,Alcohol Stores,BEER AND CO,0,0,,,,,,0,,,,,,,,,0,,,,,,,,,,,,,0,0,,,,,,0,,,,,,,,,0,,,,,,,,,,,,,0,0,,0%,,,,0,,,,,,,,,0,,,,,,,,,,,,
Ukraine,Alcohol Stores,BEER AND FOOD,0,0,,,,,,0,,,,,,,,,0,,,,,,,,,,,,,0,0,,,,,,0,,,,,,,,,0,,,,,,,,,,,,,0,0,,,,,,0,,,,,,,,,0,,,,,,,,,,,,
Ukraine,Alcohol Stores,BEER BAR,0,0,,,,,,0,,,,,,,,,0,,,,,,,,,,,,,0,0,,,,,,0,,,,,,,,,0,,,,,,,,,,,,,0,0,,,,,,0,,,,,,,,,0,,,,,,,,,,,,
Ukraine,Alcohol Stores,BEER BEN,0,0,,,,,,0,,,,,,,,,0,,,,,,,,,,,,,0,0,,,,,,0,,,,,,,,,0,,,,,,,,,,,,,0,0,,,,,,0,,,,,,,,,0,,,,,,,,,,,,
Ukraine,Alcohol Stores,BEER BROTHERS,0,0,,,,,,0,,,,,,,,,0,,,,,,,,,,,,,0,0,,,,,,0,,,,,,,,,0,,,,,,,,,,,,,0,0,,0%,,,,0,,,,,,,,,0,,,,,,,,,,,,
Ukraine,Alcohol Stores,BEER CLOUD,0,0,,0%,0.,,,0,,,,,,,,,0,,,,,,,,,,,,,0,0,,0%,0.,,,0,,,,,,,,,0,,,,,,,,,,,,,0,0,,0%,,,,0,,,,,,,,,0,,,,,,,,,,,,
Ukraine,Alcohol Stores,BEER HUB,0,0,,,,,,0,,,,,,,,,0,,,,,,,,,,,,,0,0,,,,,,0,,,,,,,,,0,,,,,,,,,,,,,0,0,,,,,,0,,,,,,,,,0,,,,,,,,,,,,
Ukraine,Alcohol Stores,BEER KEG,0,0,,,,,,0,,,,,,,,,0,,,,,,,,,,,,,0,0,,,,,,0,,,,,,,,,0,,,,,,,,,,,,,0,0,,,,,,0,,,,,,,,,0,,,,,,,,,,,,
Ukraine,Alcohol Stores,BEER KING,0,0,,,,,,0,,,,,,,,,0,,,,,,,,,,,,,0,0,,,,,,0,,,,,,,,,0,,,,,,,,,,,,,0,0,,,,,,0,,,,,,,,,0,,,,,,,,,,,,
Ukraine,Alcohol Stores,BEER MUG,0,0,,,,,,0,,,,,,,,,0,,,,,,,,,,,,,0,0,,,,,,0,,,,,,,,,0,,,,,,,,,,,,,0,0,,,,,,0,,,,,,,,,0,,,,,,,,,,,,
Ukraine,Alcohol Stores,BEER STATION 13,0,0,,,,,,0,,,,,,,,,0,,,,,,,,,,,,,0,0,,,,,,0,,,,,,,,,0,,,,,,,,,,,,,0,0,,,,,,0,,,,,,,,,0,,,,,,,,,,,,
Ukraine,Alcohol Stores,BEER TIME UZH,0,0,,0%,0.,,,0,,,,,,,,,0,,,,,,,,,,,,,0,0,,0%,0.,,,0,,,,,,,,,0,,,,,,,,,,,,,0,0,,0%,,,,0,,,,,,,,,0,,,,,,,,,,,,
Ukraine,Alcohol Stores,BEER TOWN,0,0,,,,,,0,,,,,,,,,0,,,,,,,,,,,,,0,0,,,,,,0,,,,,,,,,0,,,,,,,,,,,,,0,0,,,,,,0,,,,,,,,,0,,,,,,,,,,,,
Ukraine,Alcohol Stores,BEER WAY,0,0,,,,,,0,,,,,,,,,0,,,,,,,,,,,,,0,0,,,,,,0,,,,,,,,,0,,,,,,,,,,,,,0,0,,,,,,0,,,,,,,,,0,,,,,,,,,,,,
Ukraine,Alcohol Stores,BEER&FISH,0,0,,,,,,0,,,,,,,,,0,,,,,,,,,,,,,0,0,,,,,,0,,,,,,,,,0,,,,,,,,,,,,,0,0,,,,,,0,,,,,,,,,0,,,,,,,,,,,,
Ukraine,Alcohol Stores,BEERBERSHOP,0,0,,,,,,0,,,,,,,,,0,,,,,,,,,,,,,0,0,-100%,,,,,0,,,,,,,,,0,,,,,,,,,,,,,5.065492153,1,,25%,,,,5.065492153,45%,,0%,,0%,,0%,,5.065492153,0%,,20,,0%,,0%,,,,0%,
Ukraine,Alcohol Stores,BEERCOOL,0,0,,0%,0.,,,0,,,,,,,,,0,,,,,,,,,,,,,0,0,,0%,0.,,,0,,,,,,,,,0,,,,,,,,,,,,,0,0,,0%,,,,0,,,,,,,,,0,,,,,,,,,,,,
Ukraine,Alcohol Stores,BEERCRAFT,0,0,-100%,0%,-18.9,,,0,,,,,,,,,0,,,,,,,,,,,,,0,1,0%,19%,-33.9,,,0,,,,,,,,,0,,,,,,,,,,,,,0,1,,53%,,,,0,,,,,,,,,0,100%,,,,0%,,,,,,0%,
Ukraine,Alcohol Stores,BEERCULT,0,0,,,,,,0,,,,,,,,,0,,,,,,,,,,,,,0,0,,,,,,0,,,,,,,,,0,,,,,,,,,,,,,0,0,,,,,,0,,,,,,,,,0,,,,,,,,,,,,
Ukraine,Alcohol Stores,BEERKA,0,0,,,,,,0,,,,,,,,,0,,,,,,,,,,,,,0,0,,,,,,0,,,,,,,,,0,,,,,,,,,,,,,0,0,,,,,,0,,,,,,,,,0,,,,,,,,,,,,
Ukraine,Alcohol Stores,BEERLAB,0,0,,,,,,0,,,,,,,,,0,,,,,,,,,,,,,0,0,,,,,,0,,,,,,,,,0,,,,,,,,,,,,,0,0,,0%,,,,0,,,,,,,,,0,,,,,,,,,,,,
Ukraine,Alcohol Stores,BEERMAX,0,0,,,,,,0,,,,,,,,,0,,,,,,,,,,,,,0,0,,,,,,0,,,,,,,,,0,,,,,,,,,,,,,0,0,,,,,,0,,,,,,,,,0,,,,,,,,,,,,
Ukraine,Alcohol Stores,BEERSET,0,0,,,,,,0,,,,,,,,,0,,,,,,,,,,,,,0,0,,,,,,0,,,,,,,,,0,,,,,,,,,,,,,0,0,,,,,,0,,,,,,,,,0,,,,,,,,,,,,
Ukraine,Alcohol Stores,BEERSHOP LABEERINT,0,0,,,,,,0,,,,,,,,,0,,,,,,,,,,,,,0,0,,,,,,0,,,,,,,,,0,,,,,,,,,,,,,0,0,,,,,,0,,,,,,,,,0,,,,,,,,,,,,
Ukraine,Alcohol Stores,BEER_HOME,0,0,,,,,,0,,,,,,,,,0,,,,,,,,,,,,,,,,,,,,,,,,,,,,,,,,,,,,,,,,,,,,,,,,,,,,,,,,,,,,,,,,,,,,,,
Ukraine,Alcohol Stores,BERLOGA,0,0,,,,,,0,,,,,,,,,0,,,,,,,,,,,,,0,0,,,,,,0,,,,,,,,,0,,,,,,,,,,,,,0,0,,,,,,0,,,,,,,,,0,,,,,,,,,,,,
Ukraine,Alcohol Stores,BLESS BEER,0,0,,,,,,0,,,,,,,,,0,,,,,,,,,,,,,0,0,,,,,,0,,,,,,,,,0,,,,,,,,,,,,,0,0,,,,,,0,,,,,,,,,0,,,,,,,,,,,,
Ukraine,Alcohol Stores,BOBEER STORE,0,0,,,,,,0,,,,,,,,,0,,,,,,,,,,,,,0,0,,,,,,0,,,,,,,,,0,,,,,,,,,,,,,0,0,,0%,,,,0,,,,,,,,,0,,,,,,,,,,,,
Ukraine,Alcohol Stores,BOTTLE MARKET,0,0,,,,,,0,,,,,,,,,0,,,,,,,,,,,,,0,0,,,,,,0,,,,,,,,,0,,,,,,,,,,,,,0,0,,0%,,,,0,,,,,,,,,0,,,,,,,,,,,,
Ukraine,Alcohol Stores,BREW ELIT,0,0,-100%,0%,-1.7,,,0,,,,,,,,,0,,,,,,,,,,,,,0,1,,2%,,,,0,,,,,,,,,0,100%,,,,0%,,0%,,,,0%,,,,,,,,,,,,,,,,,,,,,,,,,,,,,,
Ukraine,Alcohol Stores,BRO-BEER,0,0,,0%,0.,,,0,,,,,,,,,0,,,,,,,,,,,,,0,0,-100%,0%,-43.2,,,0,,,,,,,,,0,,,,,,,,,,,,,19.792327881,1,,43%,,,,19.792327881,22%,,0%,,0%,,0%,,19.792327881,0%,,42,,0%,,0%,,,,0%,
Ukraine,Alcohol Stores,BUKOVYNSKA KHATA,0,1,0%,0%,-65.6,,,0,,,,,,,,,0,,,,,,,,,,,,,6.244567394,1,0%,66%,-8.1,,,6.244567394,33%,14.8,100%,100.,26%,17.9,100%,0.,6.244567394,0%,0.,37,5%,0%,0.,0%,0.,,,0%,0.,27.012094498,1,,74%,,,,27.012094498,18%,,0%,,8%,,100%,,27.012094498,0%,,36,,0%,,0%,,,,0%,
Ukraine,Alcohol Stores,CAFFEINE GASTRO PUB,0,0,,,,,,0,,,,,,,,,0,,,,,,,,,,,,,0,0,,,,,,0,,,,,,,,,0,,,,,,,,,,,,,0,0,,0%,,,,0,,,,,,,,,0,,,,,,,,,,,,
Ukraine,Alcohol Stores,CE PYVBAR,0,0,,,,,,0,,,,,,,,,0,,,,,,,,,,,,,0,0,,,,,,0,,,,,,,,,0,,,,,,,,,,,,,0,0,,,,,,0,,,,,,,,,0,,,,,,,,,,,,
Ukraine,Alcohol Stores,CHMILNYJ CRAFT BEER SHOP,0,0,,,,,,0,,,,,,,,,0,,,,,,,,,,,,,0,0,,,,,,0,,,,,,,,,0,,,,,,,,,,,,,0,0,,,,,,0,,,,,,,,,0,,,,,,,,,,,,
Ukraine,Alcohol Stores,CZECH PIVOVAR,0,0,,0%,0.,,,0,,,,,,,,,0,,,,,,,,,,,,,0,0,,0%,,,,0,,,,,,,,,0,,,,,,,,,,,,,,,,,,,,,,,,,,,,,,,,,,,,,,,,,
Ukraine,Alcohol Stores,DRAFT BEER,0,0,,,,,,0,,,,,,,,,0,,,,,,,,,,,,,0,0,,,,,,0,,,,,,,,,0,,,,,,,,,,,,,0,0,,0%,,,,0,,,,,,,,,0,,,,,,,,,,,,
Ukraine,Alcohol Stores,DRAFT BEER BROV,0,0,,,,,,0,,,,,,,,,0,,,,,,,,,,,,,0,0,,,,,,0,,,,,,,,,0,,,,,,,,,,,,,0,0,,,,,,0,,,,,,,,,0,,,,,,,,,,,,
Ukraine,Alcohol Stores,DROFA,0,0,,,,,,0,,,,,,,,,0,,,,,,,,,,,,,0,0,,,,,,0,,,,,,,,,0,,,,,,,,,,,,,0,0,,0%,,,,0,,,,,,,,,0,,,,,,,,,,,,
Ukraine,Alcohol Stores,DROVA ODESA,0,0,-100%,0%,-15.5,,,0,,,,,,,,,0,,,,,,,,,,,,,0,1,0%,16%,-73.2,,,0,,,,,,,,,0,,,,,,,,,,,,,0,1,,89%,,,,0,,,,,,,,,0,,,,,,,,,,,,
Ukraine,Alcohol Stores,DVA DRAKONA,0,0,,,,,,0,,,,,,,,,0,,,,,,,,,,,,,0,0,,,,,,0,,,,,,,,,0,,,,,,,,,,,,,0,0,,,,,,0,,,,,,,,,0,,,,,,,,,,,,
Ukraine,Alcohol Stores,FALCONBEER,0,0,,,,,,0,,,,,,,,,0,,,,,,,,,,,,,0,0,,,,,,0,,,,,,,,,0,,,,,,,,,,,,,0,0,,,,,,0,,,,,,,,,0,,,,,,,,,,,,
Ukraine,Alcohol Stores,FIRMOVYI MAHAZYN STO PUDIV,0,0,,,,,,0,,,,,,,,,0,,,,,,,,,,,,,0,0,,,,,,0,,,,,,,,,0,,,,,,,,,,,,,0,0,,,,,,0,,,,,,,,,0,,,,,,,,,,,,
Ukraine,Alcohol Stores,GAMBRINUS,0,0,,,,,,0,,,,,,,,,0,,,,,,,,,,,,,0,0,,,,,,0,,,,,,,,,0,,,,,,,,,,,,,0,0,,,,,,0,,,,,,,,,0,,,,,,,,,,,,
Ukraine,Alcohol Stores,GAVA CRAFT,0,0,-100%,,,,,0,,,,,,,,,0,,,,,,,,,,,,,0,1,0%,9%,-17.2,,,0,,,,,,,,,0,,,,,,,,,,,,,0,1,,26%,,,,0,,,,,,,,,0,,,,,,,,,,,,
Ukraine,Alcohol Stores,GOD OF BEER,0,0,,,,,,0,,,,,,,,,0,,,,,,,,,,,,,0,0,,,,,,0,,,,,,,,,0,,,,,,,,,,,,,0,0,,,,,,0,,,,,,,,,0,,,,,,,,,,,,
Ukraine,Alcohol Stores,GOLDEN BEER,0,0,,,,,,0,,,,,,,,,0,,,,,,,,,,,,,0,0,,,,,,0,,,,,,,,,0,,,,,,,,,,,,,0,0,,,,,,0,,,,,,,,,0,,,,,,,,,,,,
Ukraine,Alcohol Stores,GOOD BEER KV,0,0,,,,,,0,,,,,,,,,0,,,,,,,,,,,,,0,0,,,,,,0,,,,,,,,,0,,,,,,,,,,,,,0,0,,,,,,0,,,,,,,,,0,,,,,,,,,,,,
Ukraine,Alcohol Stores,GOODBEER,0,0,,,,,,0,,,,,,,,,0,,,,,,,,,,,,,0,0,,,,,,0,,,,,,,,,0,,,,,,,,,,,,,0,0,,,,,,0,,,,,,,,,0,,,,,,,,,,,,
Ukraine,Alcohol Stores,GRAND BEER,0,0,,,,,,0,,,,,,,,,0,,,,,,,,,,,,,0,0,,,,,,0,,,,,,,,,0,,,,,,,,,,,,,0,0,,0%,,,,0,,,,,,,,,0,,,,,,,,,,,,
Ukraine,Alcohol Stores,HAVAN ALCO,0,0,,,,,,0,,,,,,,,,0,,,,,,,,,,,,,0,0,-100%,0%,-25.2,,,0,,,,,,,,,0,,,,,,,,,,,,,0,1,,25%,,,,0,,,,,,,,,0,,,,,,,,,,,,
Ukraine,Alcohol Stores,KATRAN,0,0,,,,,,0,,,,,,,,,0,,,,,,,,,,,,,0,0,,,,,,0,,,,,,,,,0,,,,,,,,,,,,,0,0,,0%,,,,0,,,,,,,,,0,,,,,,,,,,,,
Ukraine,Alcohol Stores,KAVA PYVO,0,0,,,,,,0,,,,,,,,,0,,,,,,,,,,,,,0,0,,,,,,0,,,,,,,,,0,,,,,,,,,,,,,0,0,,0%,,,,0,,,,,,,,,0,,,,,,,,,,,,
Ukraine,Alcohol Stores,KEGA,0,0,,,,,,0,,,,,,,,,0,,,,,,,,,,,,,0,0,,,,,,0,,,,,,,,,0,,,,,,,,,,,,,0,0,,,,,,0,,,,,,,,,0,,,,,,,,,,,,
Ukraine,Alcohol Stores,KEGABEER,0,0,,,,,,0,,,,,,,,,0,,,,,,,,,,,,,0,0,,,,,,0,,,,,,,,,0,,,,,,,,,,,,,0,0,,,,,,0,,,,,,,,,0,,,,,,,,,,,,
Ukraine,Alcohol Stores,KHMIL + GRILL,0,0,,,,,,0,,,,,,,,,0,,,,,,,,,,,,,0,0,-100%,0%,-33.6,,,0,,,,,,,,,0,,,,,,,,,,,,,45.089424133,1,,34%,,,,45.089424133,20%,,24%,,8%,,25%,,45.089424133,43%,,46,,0%,,0%,,,,29%,
Ukraine,Alcohol Stores,KHMILNIY DIM,0,0,,0%,0.,,,0,,,,,,,,,0,,,,,,,,,,,,,0,0,,0%,0.,,,0,,,,,,,,,0,,,,,,,,,,,,,0,0,,0%,,,,0,,,,,,,,,0,,,,,,,,,,,,
Ukraine,Alcohol Stores,KHMILʹNA KRYNYTSYA,0,0,,,,,,0,,,,,,,,,0,,,,,,,,,,,,,0,0,,,,,,0,,,,,,,,,0,,,,,,,,,,,,,0,0,,,,,,0,,,,,,,,,0,,,,,,,,,,,,
Ukraine,Alcohol Stores,KUKHOL PYVA,0,0,,,,,,0,,,,,,,,,0,,,,,,,,,,,,,0,0,,,,,,0,,,,,,,,,0,,,,,,,,,,,,,0,0,,,,,,0,,,,,,,,,0,,,,,,,,,,,,
Ukraine,Alcohol Stores,KULTURA PYVA,0,1,0%,86%,33.4,,,0,,,,,,,,,0,,,,,,,,,,,,,83.745635986,1,0%,52%,7.3,,,83.745635986,16%,7.7,58%,-41.8,10%,-14.7,0%,-66.7,83.745635986,0%,-25.,38,-1%,0%,0.,0%,0.,,,0%,0.,98.419616699,1,,45%,,,,98.419616699,8%,,100%,,25%,,67%,,98.419616699,25%,,38,,0%,,0%,,,,0%,
Ukraine,Alcohol Stores,LAMPA KYIV,0,1,,0%,,,,0,,,,,,,,,0,,,,,,,,,,,,,,,,,,,,,,,,,,,,,,,,,,,,,,,,,,,,,,,,,,,,,,,,,,,,,,,,,,,,,,
Ukraine,Alcohol Stores,LET'S BEER,0,0,,,,,,0,,,,,,,,,0,,,,,,,,,,,,,0,0,,,,,,0,,,,,,,,,0,,,,,,,,,,,,,0,0,,,,,,0,,,,,,,,,0,,,,,,,,,,,,
Ukraine,Alcohol Stores,LIBEERTY,0,0,,,,,,0,,,,,,,,,0,,,,,,,,,,,,,0,0,,,,,,0,,,,,,,,,0,,,,,,,,,,,,,0,0,,,,,,0,,,,,,,,,0,,,,,,,,,,,,
Ukraine,Alcohol Stores,LIVE BEER,0,0,-100%,,,,,0,,,,,,,,,0,,,,,,,,,,,,,0,1,0%,22%,-6.8,,,0,,,,,,,,,0,,,,,,,,,,,,,0,1,,29%,,,,0,,,,,,,,,0,,,,,,,,,,,,
Ukraine,Alcohol Stores,LOCATSIA,0,0,-100%,0%,-11.9,,,0,,,,,,,,,0,,,,,,,,,,,,,0,1,0%,12%,-83.3,,,0,,,,,,,,,0,,,,,,,,,,,,,0,1,,95%,,,,0,,,,,,,,,0,,,,,,,,,,,,
Ukraine,Alcohol Stores,MAHAZYN BEERBEER,0,0,,,,,,0,,,,,,,,,0,,,,,,,,,,,,,0,0,,,,,,0,,,,,,,,,0,,,,,,,,,,,,,0,0,,,,,,0,,,,,,,,,0,,,,,,,,,,,,
Ukraine,Alcohol Stores,MAHAZYN ROZLYVNYKH NAPOIV BEERMOOD,0,0,,,,,,0,,,,,,,,,0,,,,,,,,,,,,,0,0,,,,,,0,,,,,,,,,0,,,,,,,,,,,,,0,0,,,,,,0,,,,,,,,,0,,,,,,,,,,,,
Ukraine,Alcohol Stores,MAHAZYN UKRKHALIAL,0,0,,,,,,0,,,,,,,,,0,,,,,,,,,,,,,0,0,,,,,,0,,,,,,,,,0,,,,,,,,,,,,,0,0,,,,,,0,,,,,,,,,0,,,,,,,,,,,,
Ukraine,Alcohol Stores,MAHAZYNKAFE AZS BEER,0,0,,,,,,0,,,,,,,,,0,,,,,,,,,,,,,0,0,,,,,,0,,,,,,,,,0,,,,,,,,,,,,,0,0,,,,,,0,,,,,,,,,0,,,,,,,,,,,,
Ukraine,Alcohol Stores,NASTAV CHAS PYVA,0,0,,,,,,0,,,,,,,,,0,,,,,,,,,,,,,0,0,,,,,,0,,,,,,,,,0,,,,,,,,,,,,,0,0,,,,,,0,,,,,,,,,0,,,,,,,,,,,,
Ukraine,Alcohol Stores,PINTA PYVA,0,0,,,,,,0,,,,,,,,,0,,,,,,,,,,,,,0,0,,,,,,0,,,,,,,,,0,,,,,,,,,,,,,0,0,,,,,,0,,,,,,,,,0,,,,,,,,,,,,
Ukraine,Alcohol Stores,PIVAS,0,0,,0%,0.,,,0,,,,,,,,,0,,,,,,,,,,,,,0,0,,0%,0.,,,0,,,,,,,,,0,,,,,,,,,,,,,0,0,,0%,,,,0,,,,,,,,,0,,,,,,,,,,,,
Ukraine,Alcohol Stores,PIVLANDIA,0,0,,,,,,0,,,,,,,,,0,,,,,,,,,,,,,0,0,,,,,,0,,,,,,,,,0,,,,,,,,,,,,,0,0,,,,,,0,,,,,,,,,0,,,,,,,,,,,,
Ukraine,Alcohol Stores,PIVNUHA,0,0,,,,,,0,,,,,,,,,0,,,,,,,,,,,,,0,0,,,,,,0,,,,,,,,,0,,,,,,,,,,,,,0,0,,,,,,0,,,,,,,,,0,,,,,,,,,,,,
Ukraine,Alcohol Stores,PIVO VIZMY,0,0,,,,,,0,,,,,,,,,0,,,,,,,,,,,,,0,0,,,,,,0,,,,,,,,,0,,,,,,,,,,,,,0,0,,,,,,0,,,,,,,,,0,,,,,,,,,,,,
Ukraine,Alcohol Stores,PO KUKHLIU,0,0,,,,,,0,,,,,,,,,0,,,,,,,,,,,,,0,0,,,,,,0,,,,,,,,,0,,,,,,,,,,,,,0,0,,,,,,0,,,,,,,,,0,,,,,,,,,,,,
Ukraine,Alcohol Stores,POLTAVA PYVO,0,0,,,,,,0,,,,,,,,,0,,,,,,,,,,,,,0,0,,,,,,0,,,,,,,,,0,,,,,,,,,,,,,0,0,,,,,,0,,,,,,,,,0,,,,,,,,,,,,
Ukraine,Alcohol Stores,PORT WINE BAR,0,0,,,,,,0,,,,,,,,,0,,,,,,,,,,,,,0,0,,,,,,0,,,,,,,,,0,,,,,,,,,,,,,0,0,,,,,,0,,,,,,,,,0,,,,,,,,,,,,
Ukraine,Alcohol Stores,PRO PYVO,0,0,,,,,,0,,,,,,,,,0,,,,,,,,,,,,,0,0,,,,,,0,,,,,,,,,0,,,,,,,,,,,,,0,0,,0%,,,,0,,,,,,,,,0,,,,,,,,,,,,
Ukraine,Alcohol Stores,PYVNA SICH,0,0,,,,,,0,,,,,,,,,0,,,,,,,,,,,,,0,0,,,,,,0,,,,,,,,,0,,,,,,,,,,,,,0,0,,0%,,,,0,,,,,,,,,0,,,,,,,,,,,,
Ukraine,Alcohol Stores,PYVNE MISCE,0,0,,,,,,0,,,,,,,,,0,,,,,,,,,,,,,0,0,,,,,,0,,,,,,,,,0,,,,,,,,,,,,,0,0,,,,,,0,,,,,,,,,0,,,,,,,,,,,,
Ukraine,Alcohol Stores,PYVNI TRADYCII,0,0,,,,,,0,,,,,,,,,0,,,,,,,,,,,,,0,0,,,,,,0,,,,,,,,,0,,,,,,,,,,,,,0,0,,,,,,0,,,,,,,,,0,,,,,,,,,,,,
Ukraine,Alcohol Stores,PYVNYI KYXOL,0,0,,,,,,0,,,,,,,,,0,,,,,,,,,,,,,0,0,,,,,,0,,,,,,,,,0,,,,,,,,,,,,,0,0,,0%,,,,0,,,,,,,,,0,,,,,,,,,,,,
Ukraine,Alcohol Stores,PYVNYI MARKET BOCHKA,0,0,,,,,,0,,,,,,,,,0,,,,,,,,,,,,,0,0,,,,,,0,,,,,,,,,0,,,,,,,,,,,,,0,0,,,,,,0,,,,,,,,,0,,,,,,,,,,,,
Ukraine,Alcohol Stores,PYVNYJ ETYKET,0,0,,,,,,0,,,,,,,,,0,,,,,,,,,,,,,0,0,,,,,,0,,,,,,,,,0,,,,,,,,,,,,,0,0,,,,,,0,,,,,,,,,0,,,,,,,,,,,,
Ukraine,Alcohol Stores,PYVNYJ PATRIOT,0,0,,,,,,0,,,,,,,,,0,,,,,,,,,,,,,0,0,,,,,,0,,,,,,,,,0,,,,,,,,,,,,,0,0,,,,,,0,,,,,,,,,0,,,,,,,,,,,,
Ukraine,Alcohol Stores,PYVNYJ SMAK,0,0,,,,,,0,,,,,,,,,0,,,,,,,,,,,,,0,0,,,,,,0,,,,,,,,,0,,,,,,,,,,,,,0,0,,,,,,0,,,,,,,,,0,,,,,,,,,,,,
Ukraine,Alcohol Stores,PYVNYTSIA 05,0,0,,,,,,0,,,,,,,,,0,,,,,,,,,,,,,0,0,,,,,,0,,,,,,,,,0,,,,,,,,,,,,,0,0,,,,,,0,,,,,,,,,0,,,,,,,,,,,,
Ukraine,Alcohol Stores,PYVO BUM,0,0,,,,,,0,,,,,,,,,0,,,,,,,,,,,,,0,0,,,,,,0,,,,,,,,,0,,,,,,,,,,,,,0,0,,,,,,0,,,,,,,,,0,,,,,,,,,,,,
Ukraine,Alcohol Stores,PYVO YE,0,0,,,,,,0,,,,,,,,,0,,,,,,,,,,,,,0,0,,,,,,0,,,,,,,,,0,,,,,,,,,,,,,0,0,,,,,,0,,,,,,,,,0,,,,,,,,,,,,
Ukraine,Alcohol Stores,PYVO Z MISTA BERDYCHIV,0,0,,,,,,0,,,,,,,,,0,,,,,,,,,,,,,0,0,,,,,,0,,,,,,,,,0,,,,,,,,,,,,,0,0,,,,,,0,,,,,,,,,0,,,,,,,,,,,,
Ukraine,Alcohol Stores,PYVOMAN,0,1,,89%,,,,0,,,,,,,,,0,,,,,,,,,,,,,,,,,,,,,,,,,,,,,,,,,,,,,,,,,,,,,,,,,,,,,,,,,,,,,,,,,,,,,,
Ukraine,Alcohol Stores,PYVOTEKA,0,0,,,,,,0,,,,,,,,,0,,,,,,,,,,,,,0,0,,,,,,0,,,,,,,,,0,,,,,,,,,,,,,0,0,,,,,,0,,,,,,,,,0,,,,,,,,,,,,
Ukraine,Alcohol Stores,SHOPOPIVU,0,0,,,,,,0,,,,,,,,,0,,,,,,,,,,,,,0,0,,,,,,0,,,,,,,,,0,,,,,,,,,,,,,0,0,,,,,,0,,,,,,,,,0,,,,,,,,,,,,
Ukraine,Alcohol Stores,SNACK&BEER,0,0,,,,,,0,,,,,,,,,0,,,,,,,,,,,,,0,0,,,,,,0,,,,,,,,,0,,,,,,,,,,,,,0,0,,,,,,0,,,,,,,,,0,,,,,,,,,,,,
Ukraine,Alcohol Stores,SPICER,0,0,,,,,,0,,,,,,,,,0,,,,,,,,,,,,,0,0,,,,,,0,,,,,,,,,0,,,,,,,,,,,,,0,0,,0%,,,,0,,,,,,,,,0,,,,,,,,,,,,
Ukraine,Alcohol Stores,SUNIY KIT,0,0,,,,,,0,,,,,,,,,0,,,,,,,,,,,,,0,0,,,,,,0,,,,,,,,,0,,,,,,,,,,,,,0,0,,,,,,0,,,,,,,,,0,,,,,,,,,,,,
Ukraine,Alcohol Stores,TANDEM PYVOMARKET,0,0,,,,,,0,,,,,,,,,0,,,,,,,,,,,,,0,0,,,,,,0,,,,,,,,,0,,,,,,,,,,,,,0,0,,0%,,,,0,,,,,,,,,0,,,,,,,,,,,,
Ukraine,Alcohol Stores,TARANPIVO,0,0,,,,,,0,,,,,,,,,0,,,,,,,,,,,,,0,0,,,,,,0,,,,,,,,,0,,,,,,,,,,,,,0,0,,0%,,,,0,,,,,,,,,0,,,,,,,,,,,,
Ukraine,Alcohol Stores,TERITORYIAPIVA,0,1,,4%,3.8,,,0,,,,,,,,,0,,,,,,,,,,,,,0,0,,0%,0.,,,0,,,,,,,,,0,,,,,,,,,,,,,0,0,,0%,,,,0,,,,,,,,,0,,,,,,,,,,,,
Ukraine,Alcohol Stores,THE BEERSHOP#1,0,0,,0%,0.,,,0,,,,,,,,,0,,,,,,,,,,,,,0,0,-100%,0%,-36.7,,,0,,,,,,,,,0,,,,,,,,,,,,,0,1,,37%,,,,0,,,,,,,,,0,,,,,,,,,,,,
Ukraine,Alcohol Stores,TINA`S RESTO,0,1,0%,71%,-6.9,,,0,,,,,,,,,0,,,,,,,,,,,,,0,1,0%,77%,-14.5,,,0,,,,,,,,,0,,,,,,,,,,,,,0,1,,92%,,,,0,,,,,,,,,0,,,,,,,,,,,,
Ukraine,Alcohol Stores,VINOOPOKOLINO,0,0,,,,,,0,,,,,,,,,0,,,,,,,,,,,,,0,0,,,,,,0,,,,,,,,,0,,,,,,,,,,,,,0,0,,0%,,,,0,,,,,,,,,0,,,,,,,,,,,,
Ukraine,Alcohol Stores,VYNOKURNIA ZAKHIDNA,0,0,,0%,0.,,,0,,,,,,,,,0,,,,,,,,,,,,,0,0,,0%,0.,,,0,,,,,,,,,0,,,,,,,,,,,,,0,0,,0%,,,,0,,,,,,,,,0,,,,,,,,,,,,
Ukraine,Alcohol Stores,WINE GALLERY,0,1,0%,0%,-95.7,,,0,,,,,,,,,0,,,,,,,,,,,,,596.966247559,1,0%,96%,-2.8,,,596.966247559,7%,-6.2,0%,0.,0%,0.,0%,0.,596.966247559,21%,7.7,34,17%,11%,-2.8,0%,0.,,,0%,0.,221.477371216,1,,98%,,,,221.477371216,14%,,0%,,0%,,0%,,221.477371216,13%,,29,,13%,,0%,,,,0%,
Ukraine,Alcohol Stores,YEPYVO,0,0,,,,,,0,,,,,,,,,0,,,,,,,,,,,,,0,0,-100%,0%,-85.1,,,0,,,,,,,,,0,,,,,,,,,,,,,89.642616272,1,,85%,,,,89.642616272,26%,,59%,,19%,,36%,,89.642616272,8%,,31,,8%,,0%,,,,0%,
Ukraine,Alcohol Stores,YOSHKIN KIT,0,1,0%,82%,-18.5,,,0,,,,,,,,,0,100%,0.,,,0%,0.,,,,,0%,0.,0,1,0%,100%,50.9,,,0,,,,,,,,,0,100%,,,,0%,,,,,,0%,,0,1,,49%,,,,0,,,,,,,,,0,,,,,,,,,,,,
Ukraine,Alcohol Stores,ZHYVE PYVO,0,0,,,,,,0,,,,,,,,,0,,,,,,,,,,,,,0,0,,,,,,0,,,,,,,,,0,,,,,,,,,,,,,0,0,,,,,,0,,,,,,,,,0,,,,,,,,,,,,
Ukraine,Convenience Stores,EAT HOUSE,0,0,,,,,,0,,,,,,,,,0,,,,,,,,,,,,,0,0,,,,,,0,,,,,,,,,0,,,,,,,,,,,,,0,0,,,,,,0,,,,,,,,,0,,,,,,,,,,,,
Ukraine,Convenience Stores,EKO DYVO UKRAYINA,0,0,,,,,,0,,,,,,,,,0,,,,,,,,,,,,,0,0,,,,,,0,,,,,,,,,0,,,,,,,,,,,,,0,0,,,,,,0,,,,,,,,,0,,,,,,,,,,,,
Ukraine,Convenience Stores,MAISTERNIYA VARENYKIV,0,0,,,,,,0,,,,,,,,,0,,,,,,,,,,,,,0,0,,,,,,0,,,,,,,,,0,,,,,,,,,,,,,0,0,,,,,,0,,,,,,,,,0,,,,,,,,,,,,
Ukraine,Convenience Stores,TANDEM PYVOMARKET,0,0,,,,,,0,,,,,,,,,0,,,,,,,,,,,,,0,0,,,,,,0,,,,,,,,,0,,,,,,,,,,,,,0,0,,,,,,0,,,,,,,,,0,,,,,,,,,,,,
Ukraine,Convenience Stores,VASH LAVASH BAKERY,0,0,,0%,,,,0,,,,,,,,,0,,,,,,,,,,,,,,,,,,,,,,,,,,,,,,,,,,,,,,,,,,,,,,,,,,,,,,,,,,,,,,,,,,,,,,
Ukraine,Erotic,FRESH HEAVEN SHOP,0,1,0%,19%,7.4,,,0,,,,,,,,,0,,,,,,,,,,,,,0,1,0%,11%,-17.3,,,0,,,,,,,,,0,,,,,,,,,,,,,0,1,,28%,,,,0,,,,,,,,,0,,,,,,,,,,,,
Ukraine,Flower Shops,AMELI FLOWERS,0,1,0%,80%,-8.4,,,0,,,,,,,,,0,,,,,,,,,,,,,0,1,0%,89%,-6.2,,,0,,,,,,,,,0,,,,,,,,,,,,,0,1,,95%,,,,0,,,,,,,,,0,,,,,,,,,,,,
Ukraine,Flower Shops,DARUI KVITY,0,0,,,,,,0,,,,,,,,,0,,,,,,,,,,,,,0,0,,,,,,0,,,,,,,,,0,,,,,,,,,,,,,0,0,,,,,,0,,,,,,,,,0,,,,,,,,,,,,
Ukraine,Flower Shops,DON BUTON FLOWERS,0,0,,0%,0.,,,0,,,,,,,,,0,,,,,,,,,,,,,0,0,,0%,0.,,,0,,,,,,,,,0,,,,,,,,,,,,,0,0,,0%,,,,0,,,,,,,,,0,,,,,,,,,,,,
Ukraine,Flower Shops,ELEN HELEN,0,1,,0%,,,,0,,,,,,,,,0,,,,,,,,,,,,,,,,,,,,,,,,,,,,,,,,,,,,,,,,,,0,0,,,,,,0,,,,,,,,,0,,,,,,,,,,,,
Ukraine,Flower Shops,FAIRY TALE,0,1,0%,13%,7.4,,,0,,,,,,,,,0,,,,,,,,,,,,,0,1,0%,6%,-22.9,,,0,,,,,,,,,0,,,,,,,,,,,,,0,1,,29%,,,,0,,,,,,,,,0,,,,,,,,,,,,
Ukraine,Flower Shops,FLOWERS,0,0,,,,,,0,,,,,,,,,0,,,,,,,,,,,,,0,0,,,,,,0,,,,,,,,,0,,,,,,,,,,,,,0,0,,0%,,,,0,,,,,,,,,0,,,,,,,,,,,,
Ukraine,Flower Shops,GREEN HOUSE LILY,0,0,-100%,0%,-25.9,,,0,,,,,,,,,0,,,,,,,,,,,,,0,1,,26%,,,,0,,,,,,,,,0,,,,,,,,,,,,,,,,,,,,,,,,,,,,,,,,,,,,,,,,,
Ukraine,Flower Shops,IN LOVE FLOWERS,0,0,,,,,,0,,,,,,,,,0,,,,,,,,,,,,,0,0,,,,,,0,,,,,,,,,0,,,,,,,,,,,,,0,0,,,,,,0,,,,,,,,,0,,,,,,,,,,,,
Ukraine,Flower Shops,JUST FLOWERS,0,0,,0%,0.,,,0,,,,,,,,,0,,,,,,,,,,,,,0,0,,0%,0.,,,0,,,,,,,,,0,,,,,,,,,,,,,0,0,,0%,,,,0,,,,,,,,,0,,,,,,,,,,,,
Ukraine,Flower Shops,KATSUMI.FLO,0,0,,,,,,0,,,,,,,,,0,,,,,,,,,,,,,0,0,,,,,,0,,,,,,,,,0,,,,,,,,,,,,,0,0,,,,,,0,,,,,,,,,0,,,,,,,,,,,,
Ukraine,Flower Shops,KOLIBRI,0,0,,,,,,0,,,,,,,,,0,,,,,,,,,,,,,0,0,,,,,,0,,,,,,,,,0,,,,,,,,,,,,,0,0,,0%,,,,0,,,,,,,,,0,,,,,,,,,,,,
Ukraine,Flower Shops,KVITKA,0,0,,,,,,0,,,,,,,,,0,,,,,,,,,,,,,0,0,,,,,,0,,,,,,,,,0,,,,,,,,,,,,,0,0,,,,,,0,,,,,,,,,0,,,,,,,,,,,,
Ukraine,Flower Shops,LAVENDER BY LK,0,1,0%,75%,-1.7,,,0,,,,,,,,,0,,,,,,,,,,,,,0,1,0%,76%,-19.4,,,0,,,,,,,,,0,,,,,,,,,,,,,15.703928947,1,,96%,,,,15.703928947,8%,,0%,,0%,,0%,,15.703928947,0%,,24,,0%,,0%,,,,0%,
Ukraine,Flower Shops,LE BOUQUET,0,0,,,,,,0,,,,,,,,,0,,,,,,,,,,,,,0,0,,,,,,0,,,,,,,,,0,,,,,,,,,,,,,0,0,,0%,,,,0,,,,,,,,,0,,,,,,,,,,,,
Ukraine,Flower Shops,MOULIN ROSE,0,0,,,,,,0,,,,,,,,,0,,,,,,,,,,,,,0,0,,,,,,0,,,,,,,,,0,,,,,,,,,,,,,0,0,,,,,,0,,,,,,,,,0,,,,,,,,,,,,
Ukraine,Flower Shops,NAF FLOWERS,0,0,,,,,,0,,,,,,,,,0,,,,,,,,,,,,,0,0,,,,,,0,,,,,,,,,0,,,,,,,,,,,,,0,0,,0%,,,,0,,,,,,,,,0,,,,,,,,,,,,
Ukraine,Flower Shops,OHMYBUKET.UA,0,0,,,,,,0,,,,,,,,,0,,,,,,,,,,,,,0,0,,,,,,0,,,,,,,,,0,,,,,,,,,,,,,0,0,,,,,,0,,,,,,,,,0,,,,,,,,,,,,
Ukraine,Flower Shops,PEONA,0,0,,,,,,0,,,,,,,,,0,,,,,,,,,,,,,0,0,,,,,,0,,,,,,,,,0,,,,,,,,,,,,,0,0,,0%,,,,0,,,,,,,,,0,,,,,,,,,,,,
Ukraine,Flower Shops,PINK FLOWER,0,1,0%,32%,30.1,,,0,,,,,,,,,0,100%,,,,0%,,,,,,0%,,0,1,,2%,,,,0,,,,,,,,,0,,,,,,,,,,,,,,,,,,,,,,,,,,,,,,,,,,,,,,,,,
Ukraine,Flower Shops,POLEVYI,0,0,,,,,,0,,,,,,,,,0,,,,,,,,,,,,,0,0,,,,,,0,,,,,,,,,0,,,,,,,,,,,,,0,0,,,,,,0,,,,,,,,,0,,,,,,,,,,,,
Ukraine,Flower Shops,SEVEN ROSES,0,1,,56%,55.7,,,0,,,,,,,,,0,,,,,,,,,,,,,0,0,,0%,,,,0,,,,,,,,,0,,,,,,,,,,,,,0,0,,,,,,0,,,,,,,,,0,,,,,,,,,,,,
Ukraine,Flower Shops,SIMPLE FLOWERS,0,0,,,,,,0,,,,,,,,,0,,,,,,,,,,,,,0,0,,,,,,0,,,,,,,,,0,,,,,,,,,,,,,0,0,,0%,,,,0,,,,,,,,,0,,,,,,,,,,,,
Ukraine,Flower Shops,TEONA-FLOWERS,0,0,,,,,,0,,,,,,,,,0,,,,,,,,,,,,,0,0,,,,,,0,,,,,,,,,0,,,,,,,,,,,,,0,0,,,,,,0,,,,,,,,,0,,,,,,,,,,,,
Ukraine,Flower Shops,TRUE FLOWERS,0,0,,,,,,0,,,,,,,,,0,,,,,,,,,,,,,0,0,,,,,,0,,,,,,,,,0,,,,,,,,,,,,,0,0,,0%,,,,0,,,,,,,,,0,,,,,,,,,,,,
Ukraine,Flower Shops,ZHORZHINA,0,0,,0%,0.,,,0,,,,,,,,,0,,,,,,,,,,,,,0,0,,0%,0.,,,0,,,,,,,,,0,,,,,,,,,,,,,0,0,,0%,,,,0,,,,,,,,,0,,,,,,,,,,,,
Ukraine,Grocery Stores,,0,1,,96%,,100%,,0,,,,,,,,,0,,,,,,,,,,,,,0,0,,,,,,0,,,,,,,,,0,,,,,,,,,,,,,0,0,,,,,,0,,,,,,,,,0,,,,,,,,,,,,
Ukraine,Grocery Stores,BALANCE.FOODMARKET.,0,0,-100%,0%,-56.6,,,0,,,,,,,,,0,,,,,,,,,,,,,0,1,,57%,,,,0,,,,,,,,,0,,,,,,,,,,,,,,,,,,,,,,,,,,,,,,,,,,,,,,,,,
Ukraine,Grocery Stores,BEER MARKET,0,1,0%,10%,-0.9,,,0,,,,,,,,,0,,,,,,,,,,,,,0,1,,11%,10.9,,,0,,,,,,,,,0,,,,,,,,,,,,,0,0,,0%,,,,0,,,,,,,,,0,,,,,,,,,,,,
Ukraine,Grocery Stores,BRSM-NAFTA,0,0,,,,,,0,,,,,,,,,0,,,,,,,,,,,,,0,0,,,,,,0,,,,,,,,,0,,,,,,,,,,,,,0,0,,,,,,0,,,,,,,,,0,,,,,,,,,,,,
Ukraine,Grocery Stores,EAST YZ,0,0,,,,,,0,,,,,,,,,0,,,,,,,,,,,,,0,0,,,,,,0,,,,,,,,,0,,,,,,,,,,,,,0,0,,,,,,0,,,,,,,,,0,,,,,,,,,,,,
Ukraine,Grocery Stores,FRANICOFFE,0,1,0%,23%,-48.7,,,0,,,,,,,,,0,,,,,,,,,,,,,0,1,0%,72%,-3.9,,,0,,,,,,,,,0,,,,,,,,,,,,,0,1,,76%,,,,0,,,,,,,,,0,,,,,,,,,,,,
Ukraine,Grocery Stores,GALYTSKA SVIZHYNA,0,0,,0%,,,,0,,,,,,,,,0,,,,,,,,,,,,,0,0,,,,,,0,,,,,,,,,0,,,,,,,,,,,,,,,,,,,,,,,,,,,,,,,,,,,,,,,,,
Ukraine,Grocery Stores,GLOTOK,0,1,0%,17%,-1.6,,,0,,,,,,,,,0,,,,,,,,,,,,,6.977296352,1,0%,19%,-39.5,,,6.977296352,39%,,0%,,0%,,0%,,6.977296352,50%,-50.,40,,0%,0.,0%,,,,0%,0.,0,1,,58%,,,,0,,,,,,,,,0,100%,,,,0%,,,,,,0%,
Ukraine,Grocery Stores,HOP HEY,0,0,,,,,,0,,,,,,,,,0,,,,,,,,,,,,,0,0,,,,,,0,,,,,,,,,0,,,,,,,,,,,,,0,0,,,,,,0,,,,,,,,,0,,,,,,,,,,,,
Ukraine,Grocery Stores,HOSPODARSTVO KARVYTSKYKH,0,0,,,,,,0,,,,,,,,,0,,,,,,,,,,,,,0,0,,,,,,0,,,,,,,,,0,,,,,,,,,,,,,0,0,,,,,,0,,,,,,,,,0,,,,,,,,,,,,
Ukraine,Grocery Stores,LVIVSKA CUKERNYA,0,0,,,,,,0,,,,,,,,,0,,,,,,,,,,,,,0,0,,,,,,0,,,,,,,,,0,,,,,,,,,,,,,0,0,,,,,,0,,,,,,,,,0,,,,,,,,,,,,
Ukraine,Grocery Stores,MAHAZYN HOSPODARSTVO KARVYCKYCH,0,0,,,,,,0,,,,,,,,,0,,,,,,,,,,,,,0,0,,,,,,0,,,,,,,,,0,,,,,,,,,,,,,0,0,,,,,,0,,,,,,,,,0,,,,,,,,,,,,
Ukraine,Grocery Stores,MEAT ME STEAK,0,0,,,,,,0,,,,,,,,,0,,,,,,,,,,,,,0,0,,,,,,0,,,,,,,,,0,,,,,,,,,,,,,0,0,,0%,,,,0,,,,,,,,,0,,,,,,,,,,,,
Ukraine,Grocery Stores,MULETTE,0,0,,,,,,0,,,,,,,,,0,,,,,,,,,,,,,0,0,,,,,,0,,,,,,,,,0,,,,,,,,,,,,,0,0,,,,,,0,,,,,,,,,0,,,,,,,,,,,,
Ukraine,Grocery Stores,MULTI COOK KYIV,0,0,,,,,,0,,,,,,,,,0,,,,,,,,,,,,,0,0,,,,,,0,,,,,,,,,0,,,,,,,,,,,,,0,0,,0%,,,,0,,,,,,,,,0,,,,,,,,,,,,
Ukraine,Grocery Stores,O'NDE,0,0,,,,,,0,,,,,,,,,0,,,,,,,,,,,,,0,0,-100%,,,,,0,,,,,,,,,0,,,,,,,,,,,,,547.159362793,1,,82%,,90%,,547.159362793,14%,,32%,,11%,,68%,,547.159362793,9%,,30,,7%,,33%,,0%,,2%,
Ukraine,Grocery Stores,RAJ SMAKIV,0,1,0%,33%,-39.3,,,0,,,,,,,,,0,,,,,,,,,,,,,0,1,0%,72%,-26.,,,0,,,,,,,,,0,,,,,,,,,,,,,0,1,,98%,,,,0,,,,,,,,,0,,,,,,,,,,,,
Ukraine,Grocery Stores,ROST,0,1,,38%,,97%,,0,,,,,,,,,0,100%,,,,,,17%,,100%,,0%,,0,0,,,,,,0,,,,,,,,,0,,,,,,,,,,,,,,,,,,,,,,,,,,,,,,,,,,,,,,,,,
Ukraine,Grocery Stores,SONIACHNA FERMA,0,1,0%,35%,-64.9,,,0,,,,,,,,,0,100%,,,,0%,,,,,,0%,,0,1,0%,100%,0.,,,0,,,,,,,,,0,,,,,,,,,,,,,0,1,,100%,,,,0,,,,,,,,,0,,,,,,,,,,,,
Ukraine,Grocery Stores,SURU TA KOVBASU,0,0,,,,,,0,,,,,,,,,0,,,,,,,,,,,,,0,0,,,,,,0,,,,,,,,,0,,,,,,,,,,,,,0,0,,0%,,,,0,,,,,,,,,0,,,,,,,,,,,,
Ukraine,Grocery Stores,TOV UTD ASTOR,0,0,,0%,0.,,,0,,,,,,,,,0,,,,,,,,,,,,,0,0,,0%,0.,,,0,,,,,,,,,0,,,,,,,,,,,,,0,0,,0%,,,,0,,,,,,,,,0,,,,,,,,,,,,
Ukraine,Health and Beauty,MOOD SHOP,0,0,,,,,,0,,,,,,,,,0,,,,,,,,,,,,,0,0,,,,,,0,,,,,,,,,0,,,,,,,,,,,,,0,0,,,,,,0,,,,,,,,,0,,,,,,,,,,,,
Ukraine,Health and Beauty,PIDVALGYM,0,0,,,,,,0,,,,,,,,,0,,,,,,,,,,,,,0,0,,,,,,0,,,,,,,,,0,,,,,,,,,,,,,0,0,,0%,,,,0,,,,,,,,,0,,,,,,,,,,,,
Ukraine,Pet Shops,MYAS MYAS,0,0,,,,,,0,,,,,,,,,0,,,,,,,,,,,,,0,0,,,,,,0,,,,,,,,,0,,,,,,,,,,,,,0,0,,,,,,0,,,,,,,,,0,,,,,,,,,,,,
Ukraine,Pet Shops,REPTO BOUTIQUE,0,1,0%,38%,11.8,,,0,,,,,,,,,0,,,,,,,,,,,,,10.697771072,1,0%,26%,7.,,,10.697771072,61%,27.5,0%,0.,0%,0.,0%,0.,10.697771072,0%,0.,36,48%,0%,0.,0%,0.,,,0%,0.,4.87280941,1,,19%,,,,4.87280941,33%,,0%,,0%,,0%,,4.87280941,0%,,24,,0%,,0%,,,,0%,
Ukraine,Pet Shops,YODA,0,0,,,,,,0,,,,,,,,,0,,,,,,,,,,,,,0,0,,,,,,0,,,,,,,,,0,,,,,,,,,,,,,0,0,,,,,,0,,,,,,,,,0,,,,,,,,,,,,
Ukraine,Pet Shops,ZOO STRIDER IN DIVERSITY,0,1,0%,8%,-2.,,,0,,,,,,,,,0,,,,,,,,,,,,,0,1,0%,10%,7.3,,,0,,,,,,,,,0,,,,,,,,,,,,,0,1,,3%,,,,0,,,,,,,,,0,,,,,,,,,,,,
Ukraine,Pharmacies,ANRIPHARM,0,0,,,,,,0,,,,,,,,,0,,,,,,,,,,,,,0,0,,0%,0.,,,0,,,,,,,,,0,,,,,,,,,,,,,0,0,,0%,,,,0,,,,,,,,,0,,,,,,,,,,,,
Ukraine,Pharmacies,LIKI24,0,0,,,,,,0,,,,,,,,,0,,,,,,,,,,,,,0,0,,,,,,0,,,,,,,,,0,,,,,,,,,,,,,0,0,,,,,,0,,,,,,,,,0,,,,,,,,,,,,
Ukraine,Specialty Stores,,0,0,,,,,,0,,,,,,,,,0,,,,,,,,,,,,,0,0,,,,,,0,,,,,,,,,0,,,,,,,,,,,,,0,0,,,,,,0,,,,,,,,,0,,,,,,,,,,,,
Ukraine,Specialty Stores,BEER MAGNATE,0,0,,,,,,0,,,,,,,,,0,,,,,,,,,,,,,0,0,,,,,,0,,,,,,,,,0,,,,,,,,,,,,,0,0,,0%,,,,0,,,,,,,,,0,,,,,,,,,,,,
Ukraine,Specialty Stores,DOMASHNI STRAVY,0,0,,0%,0.,,,0,,,,,,,,,0,,,,,,,,,,,,,0,0,,0%,,,,0,,,,,,,,,0,,,,,,,,,,,,,,,,,,,,,,,,,,,,,,,,,,,,,,,,,
Ukraine,Specialty Stores,FERMA BRATA,0,0,-100%,0%,-10.1,,,0,,,,,,,,,0,,,,,,,,,,,,,22.537546158,1,0%,10%,-29.8,,,22.537546158,13%,1.7,100%,0.,22%,0.1,100%,0.,22.537546158,33%,15.2,40,-26%,0%,-18.2,0%,0.,,,0%,-9.1,111.236572266,1,,40%,,,,111.236572266,11%,,100%,,22%,,100%,,111.236572266,18%,,54,,18%,,0%,,,,9%,
Ukraine,Specialty Stores,FISH FAMILY,0,0,,,,,,0,,,,,,,,,0,,,,,,,,,,,,,0,0,,,,,,0,,,,,,,,,0,,,,,,,,,,,,,0,0,,,,,,0,,,,,,,,,0,,,,,,,,,,,,
Ukraine,Specialty Stores,IKURA MARKET,0,1,0%,99%,0.2,,,0,,,,,,,,,0,,,,,,,,,,,,,0,1,0%,98%,-0.1,,,0,,,,,,,,,0,,,,,,,,,,,,,0,1,,98%,,,,0,,,,,,,,,0,,,,,,,,,,,,
Ukraine,Specialty Stores,KOMBUCHA WILD,0,0,,0%,0.,,,0,,,,,,,,,0,,,,,,,,,,,,,0,0,,0%,0.,,,0,,,,,,,,,0,,,,,,,,,,,,,0,0,,0%,,,,0,,,,,,,,,0,,,,,,,,,,,,
Ukraine,Specialty Stores,LA CAFE,0,0,,,,,,0,,,,,,,,,0,,,,,,,,,,,,,0,0,,,,,,0,,,,,,,,,0,,,,,,,,,,,,,0,0,,,,,,0,,,,,,,,,0,,,,,,,,,,,,
Ukraine,Specialty Stores,MAHAZYN PANIVEHAN,0,0,,,,,,0,,,,,,,,,0,,,,,,,,,,,,,0,0,,,,,,0,,,,,,,,,0,,,,,,,,,,,,,0,0,,,,,,0,,,,,,,,,0,,,,,,,,,,,,
Ukraine,Specialty Stores,MARMELADNYI DZHEK,0,1,0%,91%,-6.2,,,0,,,,,,,,,0,,,,,,,,,,,,,0,1,0%,97%,2.4,,,0,,,,,,,,,0,,,,,,,,,,,,,0,1,,95%,,,,0,,,,,,,,,0,,,,,,,,,,,,
Ukraine,Specialty Stores,NAPIVFABRYKATY SALATEIRA,0,10,-9%,77%,-13.4,,,0,,,,,,,,,0,,,,,,,,,,,,,0,11,0%,90%,7.6,,,0,,,,,,,,,0,,,,,,,,,,,,,0,11,,83%,,,,0,,,,,,,,,0,,,,,,,,,,,,
Ukraine,Specialty Stores,PIZZA BOX,0,0,,,,,,0,,,,,,,,,0,,,,,,,,,,,,,0,0,,,,,,0,,,,,,,,,0,,,,,,,,,,,,,0,0,,,,,,0,,,,,,,,,0,,,,,,,,,,,,
Ukraine,Specialty Stores,UMI SEA FOOD,0,0,,0%,0.,,,0,,,,,,,,,0,,,,,,,,,,,,,0,0,,0%,0.,,,0,,,,,,,,,0,,,,,,,,,,,,,0,0,,0%,,,,0,,,,,,,,,0,,,,,,,,,,,,
Ukraine,Specialty Stores,VAPE BROTHERS,0,0,,0%,0.,,,0,,,,,,,,,0,,,,,,,,,,,,,0,0,-100%,0%,-35.3,,,0,,,,,,,,,0,,,,,,,,,,,,,34.456203461,1,,35%,,,,34.456203461,16%,,68%,,28%,,0%,,34.456203461,0%,,45,,50%,,0%,,,,0%,
Ukraine,Specialty Stores,ZAHODNYA,0,0,,,,,,0,,,,,,,,,0,,,,,,,,,,,,,0,0,,,,,,0,,,,,,,,,0,,,,,,,,,,,,,0,0,,,,,,0,,,,,,,,,0,,,,,,,,,,,,
Ukraine,Specialty Stores,ФІЛАДЕЛЬФІЯ ЖИТОМИР,0,0,,,,,,0,,,,,,,,,0,,,,,,,,,,,,,0,0,,,,,,0,,,,,,,,,0,,,,,,,,,,,,,0,0,,0%,,,,0,,,,,,,,,0,,,,,,,,,,,,
Ukraine,Tobacco Stores,DUDKA,0,1,0%,100%,10.7,,,0,,,,,,,,,0,100%,50.,,,0%,0.,,,,,0%,-20.,53.281761169,1,0%,89%,-5.,,,53.281761169,18%,4.9,0%,0.,0%,0.,0%,0.,53.281761169,50%,50.,31,2%,0%,0.,0%,0.,,,20%,20.,26.288690567,1,,94%,,,,26.288690567,13%,,0%,,0%,,0%,,26.288690567,0%,,31,,0%,,0%,,,,0%,
Ukraine,Tobacco Stores,LE CLOUD STORE,0,0,,0%,,,,0,,,,,,,,,0,,,,,,,,,,,,,,,,,,,,,,,,,,,,,,,,,,,,,,,,,,,,,,,,,,,,,,,,,,,,,,,,,,,,,,
Ukraine,Tobacco Stores,MOOD SHOP,0,0,,,,,,0,,,,,,,,,0,,,,,,,,,,,,,0,0,,,,,,0,,,,,,,,,0,,,,,,,,,,,,,0,0,,0%,,,,0,,,,,,,,,0,,,,,,,,,,,,
Ukraine,Tobacco Stores,SMOKE KING,0,0,,,,,,0,,,,,,,,,0,,,,,,,,,,,,,0,0,,,,,,0,,,,,,,,,0,,,,,,,,,,,,,0,0,,0%,,,,0,,,,,,,,,0,,,,,,,,,,,,
Ukraine,Tobacco Stores,VAPE SHOP KYIV,0,0,,,,,,0,,,,,,,,,0,,,,,,,,,,,,,0,0,,0%,0.,,,0,,,,,,,,,0,,,,,,,,,,,,,0,0,,0%,,,,0,,,,,,,,,0,,,,,,,,,,,,
Ukraine,Tobacco Stores,VAPORS,0,1,-50%,1%,-1.2,25%,,0,,,,,,,,,0,100%,,,,0%,,0%,,,,0%,,0,2,100%,2%,-98.3,,,0,,,,,,,,,0,,,,,,,,,,,,,0,1,,100%,,,,0,,,,,,,,,0,,,,,,,,,,,,
Ukraine,Tobacco Stores,WHITE SMOKE,0,0,,,,,,0,,,,,,,,,0,,,,,,,,,,,,,0,0,,,,,,0,,,,,,,,,0,,,,,,,,,,,,,0,0,,,,,,0,,,,,,,,,0,,,,,,,,,,,,
Ukraine,Toy & Game Shops,CUCUMBER,0,0,,,,,,0,,,,,,,,,0,,,,,,,,,,,,,0,0,,,,,,0,,,,,,,,,0,,,,,,,,,,,,,0,0,,0%,,,,0,,,,,,,,,0,,,,,,,,,,,,
Ukraine,Toy & Game Shops,PERFECT PARTY,0,0,,,,,,0,,,,,,,,,0,,,,,,,,,,,,,0,0,,,,,,0,,,,,,,,,0,,,,,,,,,,,,,0,0,,,,,,0,,,,,,,,,0,,,,,,,,,,,,
Ukraine,,KUHOL FEST,,,,,,,,,,,,,,,,,,,,,,,,,,,,,,0,0,,,,,,0,,,,,,,,,0,,,,,,,,,,,,,,,,,,,,,,,,,,,,,,,,,,,,,,,,,
Ukraine,,PIANA VYSHNIA,,,,,,,,,,,,,,,,,,,,,,,,,,,,,,0,0,,,,,,0,,,,,,,,,0,,,,,,,,,,,,,,,,,,,,,,,,,,,,,,,,,,,,,,,,,
Ukraine,Alcohol Stores,3 KELYHY,,,,,,,,,,,,,,,,,,,,,,,,,,,,,,0,0,,,,,,0,,,,,,,,,0,,,,,,,,,,,,,,,,,,,,,,,,,,,,,,,,,,,,,,,,,
Ukraine,Alcohol Stores,FALCON BEER,,,,,,,,,,,,,,,,,,,,,,,,,,,,,,0,0,,,,,,0,,,,,,,,,0,,,,,,,,,,,,,,,,,,,,,,,,,,,,,,,,,,,,,,,,,
Ukraine,Alcohol Stores,KHMILMAG,,,,,,,,,,,,,,,,,,,,,,,,,,,,,,0,0,,,,,,0,,,,,,,,,0,,,,,,,,,,,,,,,,,,,,,,,,,,,,,,,,,,,,,,,,,
Ukraine,Alcohol Stores,KOVTOK BEER,,,,,,,,,,,,,,,,,,,,,,,,,,,,,,0,0,,,,,,0,,,,,,,,,0,,,,,,,,,,,,,,,,,,,,,,,,,,,,,,,,,,,,,,,,,
Ukraine,Alcohol Stores,MY BEER_,,,,,,,,,,,,,,,,,,,,,,,,,,,,,,0,0,,,,,,0,,,,,,,,,0,,,,,,,,,,,,,,,,,,,,,,,,,,,,,,,,,,,,,,,,,
Ukraine,Alcohol Stores,PO KYXLU,,,,,,,,,,,,,,,,,,,,,,,,,,,,,,0,0,,,,,,0,,,,,,,,,0,,,,,,,,,,,,,,,,,,,,,,,,,,,,,,,,,,,,,,,,,
Ukraine,Alcohol Stores,PYVNIY DRUZHE,,,,,,,,,,,,,,,,,,,,,,,,,,,,,,0,0,,,,,,0,,,,,,,,,0,,,,,,,,,,,,,,,,,,,,,,,,,,,,,,,,,,,,,,,,,
Ukraine,Alcohol Stores,PYVNUKHA,,,,,,,,,,,,,,,,,,,,,,,,,,,,,,0,0,,,,,,0,,,,,,,,,0,,,,,,,,,,,,,,,,,,,,,,,,,,,,,,,,,,,,,,,,,
Ukraine,Alcohol Stores,PYVNYI DVIZH,,,,,,,,,,,,,,,,,,,,,,,,,,,,,,0,0,,,,,,0,,,,,,,,,0,,,,,,,,,,,,,,,,,,,,,,,,,,,,,,,,,,,,,,,,,
Ukraine,Convenience Stores,OKKO CAFE,,,,,,,,,,,,,,,,,,,,,,,,,,,,,,0,0,,,,,,0,,,,,,,,,0,,,,,,,,,,,,,,,,,,,,,,,,,,,,,,,,,,,,,,,,,
Ukraine,Flower Shops,,,,,,,,,,,,,,,,,,,,,,,,,,,,,,,0,0,,,,,,0,,,,,,,,,0,,,,,,,,,,,,,,,,,,,,,,,,,,,,,,,,,,,,,,,,,
Ukraine,Flower Shops,EDELWEISS FLOWER,,,,,,,,,,,,,,,,,,,,,,,,,,,,,,0,0,,,,,,0,,,,,,,,,0,,,,,,,,,,,,,,,,,,,,,,,,,,,,,,,,,,,,,,,,,
Ukraine,Grocery Stores,AMERICAN MARKET,,,,,,,,,,,,,,,,,,,,,,,,,,,,,,0,0,,,,,,0,,,,,,,,,0,,,,,,,,,,,,,,,,,,,,,,,,,,,,,,,,,,,,,,,,,
Ukraine,Grocery Stores,EATME NATURAL PRODUCTS,,,,,,,,,,,,,,,,,,,,,,,,,,,,,,0,0,,,,,,0,,,,,,,,,0,,,,,,,,,,,,,,,,,,,,,,,,,,,,,,,,,,,,,,,,,
Ukraine,Grocery Stores,MYASTORIYA STORE,,,,,,,,,,,,,,,,,,,,,,,,,,,,,,0,0,,,,,,0,,,,,,,,,0,,,,,,,,,,,,,0,0,,,,,,0,,,,,,,,,0,,,,,,,,,,,,
Ukraine,Specialty Stores,CRAFT BEER MARKET,,,,,,,,,,,,,,,,,,,,,,,,,,,,,,0,0,,,,,,0,,,,,,,,,0,,,,,,,,,,,,,,,,,,,,,,,,,,,,,,,,,,,,,,,,,
Ukraine,Tobacco Stores,BANDIT,,,,,,,,,,,,,,,,,,,,,,,,,,,,,,,,,,,,,,,,,,,,,,,,,,,,,,,,,,,0,0,,,,,,0,,,,,,,,,0,,,,,,,,,,,,
